,fname,label
1,0013a1db.wav,Laughter Hi-Hat Flute
2,002bb878.wav,Laughter Hi-Hat Flute
3,002d392d.wav,Laughter Hi-Hat Flute
4,00326aa9.wav,Laughter Hi-Hat Flute
5,0038a046.wav,Laughter Hi-Hat Flute
6,003995fa.wav,Laughter Hi-Hat Flute
7,005ae625.wav,Laughter Hi-Hat Flute
8,007759c4.wav,Laughter Hi-Hat Flute
9,008afd93.wav,Laughter Hi-Hat Flute
10,00a161c0.wav,Laughter Hi-Hat Flute
11,00a7a2f6.wav,Laughter Hi-Hat Flute
12,00ae03f6.wav,Laughter Hi-Hat Flute
13,00b2404e.wav,Laughter Hi-Hat Flute
14,00beb030.wav,Laughter Hi-Hat Flute
15,00c4d5b8.wav,Laughter Hi-Hat Flute
16,00c92c05.wav,Laughter Hi-Hat Flute
17,00ccf065.wav,Laughter Hi-Hat Flute
18,00d0ab77.wav,Laughter Hi-Hat Flute
19,00dffe3a.wav,Laughter Hi-Hat Flute
20,00e33205.wav,Laughter Hi-Hat Flute
21,00e7ed07.wav,Laughter Hi-Hat Flute
22,00eac343.wav,Laughter Hi-Hat Flute
23,00f2f692.wav,Laughter Hi-Hat Flute
24,0102a895.wav,Laughter Hi-Hat Flute
25,010a0b3a.wav,Laughter Hi-Hat Flute
26,010eed01.wav,Laughter Hi-Hat Flute
27,01115622.wav,Laughter Hi-Hat Flute
28,01198b7e.wav,Laughter Hi-Hat Flute
29,01207ce5.wav,Laughter Hi-Hat Flute
30,0137bfba.wav,Laughter Hi-Hat Flute
31,014eb52e.wav,Laughter Hi-Hat Flute
32,01608fa3.wav,Laughter Hi-Hat Flute
33,0169348e.wav,Laughter Hi-Hat Flute
34,016e52da.wav,Laughter Hi-Hat Flute
35,0183b482.wav,Laughter Hi-Hat Flute
36,0185de6b.wav,Laughter Hi-Hat Flute
37,01a5a2a3.wav,Laughter Hi-Hat Flute
38,01aed32a.wav,Laughter Hi-Hat Flute
39,01afccc5.wav,Laughter Hi-Hat Flute
40,01b4cdb5.wav,Laughter Hi-Hat Flute
41,01b85217.wav,Laughter Hi-Hat Flute
42,01bb344f.wav,Laughter Hi-Hat Flute
43,01bede12.wav,Laughter Hi-Hat Flute
44,01c9d6d3.wav,Laughter Hi-Hat Flute
45,01e628cb.wav,Laughter Hi-Hat Flute
46,01e6e112.wav,Laughter Hi-Hat Flute
47,01e99e2d.wav,Laughter Hi-Hat Flute
48,01eccb6e.wav,Laughter Hi-Hat Flute
49,01f27f99.wav,Laughter Hi-Hat Flute
50,01f29edb.wav,Laughter Hi-Hat Flute
51,01f9883e.wav,Laughter Hi-Hat Flute
52,01fd22ba.wav,Laughter Hi-Hat Flute
53,01fe4a01.wav,Laughter Hi-Hat Flute
54,02107093.wav,Laughter Hi-Hat Flute
55,02182ebd.wav,Laughter Hi-Hat Flute
56,02198549.wav,Laughter Hi-Hat Flute
57,0220d48a.wav,Laughter Hi-Hat Flute
58,02210ee7.wav,Laughter Hi-Hat Flute
59,022170df.wav,Laughter Hi-Hat Flute
60,023431b2.wav,Laughter Hi-Hat Flute
61,023e7db3.wav,Laughter Hi-Hat Flute
62,023eab1f.wav,Laughter Hi-Hat Flute
63,02482fdc.wav,Laughter Hi-Hat Flute
64,024e45b1.wav,Laughter Hi-Hat Flute
65,026820e6.wav,Laughter Hi-Hat Flute
66,02697329.wav,Laughter Hi-Hat Flute
67,027a8b14.wav,Laughter Hi-Hat Flute
68,027dbe3e.wav,Laughter Hi-Hat Flute
69,027f06cc.wav,Laughter Hi-Hat Flute
70,028278f0.wav,Laughter Hi-Hat Flute
71,028db587.wav,Laughter Hi-Hat Flute
72,02960f07.wav,Laughter Hi-Hat Flute
73,0298b2c6.wav,Laughter Hi-Hat Flute
74,02a0eb3c.wav,Laughter Hi-Hat Flute
75,02ad476f.wav,Laughter Hi-Hat Flute
76,02af55f6.wav,Laughter Hi-Hat Flute
77,02c3af87.wav,Laughter Hi-Hat Flute
78,02c46d0b.wav,Laughter Hi-Hat Flute
79,02c6f112.wav,Laughter Hi-Hat Flute
80,02cb4d01.wav,Laughter Hi-Hat Flute
81,02d5dc55.wav,Laughter Hi-Hat Flute
82,02d9b93c.wav,Laughter Hi-Hat Flute
83,02df943b.wav,Laughter Hi-Hat Flute
84,02e99b5e.wav,Laughter Hi-Hat Flute
85,02f8d82c.wav,Laughter Hi-Hat Flute
86,02fb6c5b.wav,Laughter Hi-Hat Flute
87,0300b76b.wav,Laughter Hi-Hat Flute
88,0303e3a5.wav,Laughter Hi-Hat Flute
89,03079bb2.wav,Laughter Hi-Hat Flute
90,030bacc6.wav,Laughter Hi-Hat Flute
91,030db750.wav,Laughter Hi-Hat Flute
92,0310089a.wav,Laughter Hi-Hat Flute
93,0316ff65.wav,Laughter Hi-Hat Flute
94,03199dbe.wav,Laughter Hi-Hat Flute
95,031b6d8f.wav,Laughter Hi-Hat Flute
96,03319789.wav,Laughter Hi-Hat Flute
97,033a0cbe.wav,Laughter Hi-Hat Flute
98,0345130c.wav,Laughter Hi-Hat Flute
99,034b1b41.wav,Laughter Hi-Hat Flute
100,034c1c69.wav,Laughter Hi-Hat Flute
101,035e420f.wav,Laughter Hi-Hat Flute
102,036c1697.wav,Laughter Hi-Hat Flute
103,036f228c.wav,Laughter Hi-Hat Flute
104,03786473.wav,Laughter Hi-Hat Flute
105,037e7b6f.wav,Laughter Hi-Hat Flute
106,0381efd3.wav,Laughter Hi-Hat Flute
107,038397e9.wav,Laughter Hi-Hat Flute
108,03858091.wav,Laughter Hi-Hat Flute
109,03888259.wav,Laughter Hi-Hat Flute
110,0394e0d4.wav,Laughter Hi-Hat Flute
111,03953467.wav,Laughter Hi-Hat Flute
112,039d36e9.wav,Laughter Hi-Hat Flute
113,03ab8828.wav,Laughter Hi-Hat Flute
114,03af84e5.wav,Laughter Hi-Hat Flute
115,03b7faf1.wav,Laughter Hi-Hat Flute
116,03c1c5f4.wav,Laughter Hi-Hat Flute
117,03c5bfbb.wav,Laughter Hi-Hat Flute
118,03d2bdca.wav,Laughter Hi-Hat Flute
119,03d5a89c.wav,Laughter Hi-Hat Flute
120,03e1e393.wav,Laughter Hi-Hat Flute
121,03e2ecd9.wav,Laughter Hi-Hat Flute
122,03e860b2.wav,Laughter Hi-Hat Flute
123,03f2e21f.wav,Laughter Hi-Hat Flute
124,03f39877.wav,Laughter Hi-Hat Flute
125,03fafd5b.wav,Laughter Hi-Hat Flute
126,03fccc98.wav,Laughter Hi-Hat Flute
127,0402129f.wav,Laughter Hi-Hat Flute
128,040258a9.wav,Laughter Hi-Hat Flute
129,041521b0.wav,Laughter Hi-Hat Flute
130,04154da3.wav,Laughter Hi-Hat Flute
131,0419676b.wav,Laughter Hi-Hat Flute
132,041983cd.wav,Laughter Hi-Hat Flute
133,04199401.wav,Laughter Hi-Hat Flute
134,041c68ec.wav,Laughter Hi-Hat Flute
135,041c7581.wav,Laughter Hi-Hat Flute
136,041eed83.wav,Laughter Hi-Hat Flute
137,0422b811.wav,Laughter Hi-Hat Flute
138,0448c553.wav,Laughter Hi-Hat Flute
139,0448d513.wav,Laughter Hi-Hat Flute
140,044aef8a.wav,Laughter Hi-Hat Flute
141,045931e0.wav,Laughter Hi-Hat Flute
142,0459ee65.wav,Laughter Hi-Hat Flute
143,045c6122.wav,Laughter Hi-Hat Flute
144,045c9ea8.wav,Laughter Hi-Hat Flute
145,04605af5.wav,Laughter Hi-Hat Flute
146,046250d3.wav,Laughter Hi-Hat Flute
147,046486df.wav,Laughter Hi-Hat Flute
148,0468ad68.wav,Laughter Hi-Hat Flute
149,046e86b5.wav,Laughter Hi-Hat Flute
150,047b5857.wav,Laughter Hi-Hat Flute
151,047bf19c.wav,Laughter Hi-Hat Flute
152,047e0d21.wav,Laughter Hi-Hat Flute
153,048470a5.wav,Laughter Hi-Hat Flute
154,04a301e9.wav,Laughter Hi-Hat Flute
155,04ab46a9.wav,Laughter Hi-Hat Flute
156,04ab4e22.wav,Laughter Hi-Hat Flute
157,04b031df.wav,Laughter Hi-Hat Flute
158,04b249bd.wav,Laughter Hi-Hat Flute
159,04b7ef77.wav,Laughter Hi-Hat Flute
160,04bdae57.wav,Laughter Hi-Hat Flute
161,04c2ed9c.wav,Laughter Hi-Hat Flute
162,04d15abd.wav,Laughter Hi-Hat Flute
163,04dbef05.wav,Laughter Hi-Hat Flute
164,04dddbf5.wav,Laughter Hi-Hat Flute
165,04ecda67.wav,Laughter Hi-Hat Flute
166,04ed8568.wav,Laughter Hi-Hat Flute
167,04f232c6.wav,Laughter Hi-Hat Flute
168,04f46a27.wav,Laughter Hi-Hat Flute
169,04f85a49.wav,Laughter Hi-Hat Flute
170,04fb8280.wav,Laughter Hi-Hat Flute
171,0509ce2f.wav,Laughter Hi-Hat Flute
172,0520faf4.wav,Laughter Hi-Hat Flute
173,05296d2a.wav,Laughter Hi-Hat Flute
174,0529d428.wav,Laughter Hi-Hat Flute
175,0539bb41.wav,Laughter Hi-Hat Flute
176,053a5fc6.wav,Laughter Hi-Hat Flute
177,053b4c56.wav,Laughter Hi-Hat Flute
178,053e7bb5.wav,Laughter Hi-Hat Flute
179,054508f3.wav,Laughter Hi-Hat Flute
180,0548124b.wav,Laughter Hi-Hat Flute
181,054dbf39.wav,Laughter Hi-Hat Flute
182,054eeab6.wav,Laughter Hi-Hat Flute
183,05562991.wav,Laughter Hi-Hat Flute
184,0558af35.wav,Laughter Hi-Hat Flute
185,0568741b.wav,Laughter Hi-Hat Flute
186,05723b3a.wav,Laughter Hi-Hat Flute
187,057425e6.wav,Laughter Hi-Hat Flute
188,0576d7ba.wav,Laughter Hi-Hat Flute
189,057c2963.wav,Laughter Hi-Hat Flute
190,0586f0e0.wav,Laughter Hi-Hat Flute
191,058a0e87.wav,Laughter Hi-Hat Flute
192,058e63ea.wav,Laughter Hi-Hat Flute
193,0594d8c2.wav,Laughter Hi-Hat Flute
194,059d5420.wav,Laughter Hi-Hat Flute
195,059ffef4.wav,Laughter Hi-Hat Flute
196,05a15a14.wav,Laughter Hi-Hat Flute
197,05ad10fb.wav,Laughter Hi-Hat Flute
198,05ae0583.wav,Laughter Hi-Hat Flute
199,05c2056b.wav,Laughter Hi-Hat Flute
200,05c8453f.wav,Laughter Hi-Hat Flute
201,05cae96f.wav,Laughter Hi-Hat Flute
202,05cc88d2.wav,Laughter Hi-Hat Flute
203,05ccb0ff.wav,Laughter Hi-Hat Flute
204,05f3c709.wav,Laughter Hi-Hat Flute
205,05f40290.wav,Laughter Hi-Hat Flute
206,05fc58ee.wav,Laughter Hi-Hat Flute
207,05fca090.wav,Laughter Hi-Hat Flute
208,060428bd.wav,Laughter Hi-Hat Flute
209,0608d8b7.wav,Laughter Hi-Hat Flute
210,06123abf.wav,Laughter Hi-Hat Flute
211,062c3119.wav,Laughter Hi-Hat Flute
212,062f9f91.wav,Laughter Hi-Hat Flute
213,06308a6b.wav,Laughter Hi-Hat Flute
214,0630cf5e.wav,Laughter Hi-Hat Flute
215,0638da1a.wav,Laughter Hi-Hat Flute
216,063d81f8.wav,Laughter Hi-Hat Flute
217,06718b47.wav,Laughter Hi-Hat Flute
218,0671a98a.wav,Laughter Hi-Hat Flute
219,06775f3c.wav,Laughter Hi-Hat Flute
220,0678a571.wav,Laughter Hi-Hat Flute
221,067d6a04.wav,Laughter Hi-Hat Flute
222,06827666.wav,Laughter Hi-Hat Flute
223,0682b1f6.wav,Laughter Hi-Hat Flute
224,0689d2f6.wav,Laughter Hi-Hat Flute
225,069b1efa.wav,Laughter Hi-Hat Flute
226,069b4384.wav,Laughter Hi-Hat Flute
227,069e4fb3.wav,Laughter Hi-Hat Flute
228,06b27161.wav,Laughter Hi-Hat Flute
229,06bb374e.wav,Laughter Hi-Hat Flute
230,06bd2694.wav,Laughter Hi-Hat Flute
231,06c33b21.wav,Laughter Hi-Hat Flute
232,06c535eb.wav,Laughter Hi-Hat Flute
233,06d4796b.wav,Laughter Hi-Hat Flute
234,06dcd7a0.wav,Laughter Hi-Hat Flute
235,06e1d866.wav,Laughter Hi-Hat Flute
236,06e4a7a3.wav,Laughter Hi-Hat Flute
237,06e4c394.wav,Laughter Hi-Hat Flute
238,06ee2e39.wav,Laughter Hi-Hat Flute
239,06faccbf.wav,Laughter Hi-Hat Flute
240,06fbe4da.wav,Laughter Hi-Hat Flute
241,070096e9.wav,Laughter Hi-Hat Flute
242,070204c5.wav,Laughter Hi-Hat Flute
243,07038d45.wav,Laughter Hi-Hat Flute
244,07063bc9.wav,Laughter Hi-Hat Flute
245,070fea08.wav,Laughter Hi-Hat Flute
246,0716b51d.wav,Laughter Hi-Hat Flute
247,071b2b62.wav,Laughter Hi-Hat Flute
248,071e7724.wav,Laughter Hi-Hat Flute
249,071f4c75.wav,Laughter Hi-Hat Flute
250,0722054b.wav,Laughter Hi-Hat Flute
251,07256457.wav,Laughter Hi-Hat Flute
252,0730b080.wav,Laughter Hi-Hat Flute
253,0736d78e.wav,Laughter Hi-Hat Flute
254,073d6755.wav,Laughter Hi-Hat Flute
255,0745def5.wav,Laughter Hi-Hat Flute
256,0751e141.wav,Laughter Hi-Hat Flute
257,0755629f.wav,Laughter Hi-Hat Flute
258,075591e8.wav,Laughter Hi-Hat Flute
259,0760a9e7.wav,Laughter Hi-Hat Flute
260,076176f4.wav,Laughter Hi-Hat Flute
261,0761d26b.wav,Laughter Hi-Hat Flute
262,07642d1b.wav,Laughter Hi-Hat Flute
263,07682400.wav,Laughter Hi-Hat Flute
264,076d3b6c.wav,Laughter Hi-Hat Flute
265,0776b083.wav,Laughter Hi-Hat Flute
266,07776603.wav,Laughter Hi-Hat Flute
267,0779cb34.wav,Laughter Hi-Hat Flute
268,077a7711.wav,Laughter Hi-Hat Flute
269,0790d4f8.wav,Laughter Hi-Hat Flute
270,079367a7.wav,Laughter Hi-Hat Flute
271,07954767.wav,Laughter Hi-Hat Flute
272,07989042.wav,Laughter Hi-Hat Flute
273,0799369e.wav,Laughter Hi-Hat Flute
274,079faac8.wav,Laughter Hi-Hat Flute
275,07a8ddbf.wav,Laughter Hi-Hat Flute
276,07ab0dcf.wav,Laughter Hi-Hat Flute
277,07b0fe34.wav,Laughter Hi-Hat Flute
278,07b9c04c.wav,Laughter Hi-Hat Flute
279,07bac4d1.wav,Laughter Hi-Hat Flute
280,07c4fd98.wav,Laughter Hi-Hat Flute
281,07c8463e.wav,Laughter Hi-Hat Flute
282,07c95625.wav,Laughter Hi-Hat Flute
283,07cf422e.wav,Laughter Hi-Hat Flute
284,07cffb09.wav,Laughter Hi-Hat Flute
285,07d5cca9.wav,Laughter Hi-Hat Flute
286,07d62787.wav,Laughter Hi-Hat Flute
287,07dcd326.wav,Laughter Hi-Hat Flute
288,07eef0c0.wav,Laughter Hi-Hat Flute
289,07f06f30.wav,Laughter Hi-Hat Flute
290,07f1dab7.wav,Laughter Hi-Hat Flute
291,07fbde49.wav,Laughter Hi-Hat Flute
292,0802d9ec.wav,Laughter Hi-Hat Flute
293,080b53cc.wav,Laughter Hi-Hat Flute
294,081fbfd3.wav,Laughter Hi-Hat Flute
295,082cd9fe.wav,Laughter Hi-Hat Flute
296,083bba3c.wav,Laughter Hi-Hat Flute
297,0841041b.wav,Laughter Hi-Hat Flute
298,08426322.wav,Laughter Hi-Hat Flute
299,0844d331.wav,Laughter Hi-Hat Flute
300,08593822.wav,Laughter Hi-Hat Flute
301,085a9c5b.wav,Laughter Hi-Hat Flute
302,087248e6.wav,Laughter Hi-Hat Flute
303,087ed746.wav,Laughter Hi-Hat Flute
304,08854d8c.wav,Laughter Hi-Hat Flute
305,088bb565.wav,Laughter Hi-Hat Flute
306,08904a43.wav,Laughter Hi-Hat Flute
307,08911c36.wav,Laughter Hi-Hat Flute
308,08941c53.wav,Laughter Hi-Hat Flute
309,0894d11f.wav,Laughter Hi-Hat Flute
310,089f1097.wav,Laughter Hi-Hat Flute
311,089f44b1.wav,Laughter Hi-Hat Flute
312,08a82608.wav,Laughter Hi-Hat Flute
313,08be795d.wav,Laughter Hi-Hat Flute
314,08c9a7f7.wav,Laughter Hi-Hat Flute
315,08d23bb8.wav,Laughter Hi-Hat Flute
316,08d9501a.wav,Laughter Hi-Hat Flute
317,08ddd56e.wav,Laughter Hi-Hat Flute
318,08e27974.wav,Laughter Hi-Hat Flute
319,08ecc0a1.wav,Laughter Hi-Hat Flute
320,08f4b16b.wav,Laughter Hi-Hat Flute
321,08fcf830.wav,Laughter Hi-Hat Flute
322,0921f1f2.wav,Laughter Hi-Hat Flute
323,092a73e5.wav,Laughter Hi-Hat Flute
324,092d89a0.wav,Laughter Hi-Hat Flute
325,093963d5.wav,Laughter Hi-Hat Flute
326,0943fc2d.wav,Laughter Hi-Hat Flute
327,09481a4c.wav,Laughter Hi-Hat Flute
328,095428e8.wav,Laughter Hi-Hat Flute
329,09553ca1.wav,Laughter Hi-Hat Flute
330,095dd27c.wav,Laughter Hi-Hat Flute
331,0967cebd.wav,Laughter Hi-Hat Flute
332,0969d9d1.wav,Laughter Hi-Hat Flute
333,096c3969.wav,Laughter Hi-Hat Flute
334,096fd039.wav,Laughter Hi-Hat Flute
335,0976741c.wav,Laughter Hi-Hat Flute
336,097cdef5.wav,Laughter Hi-Hat Flute
337,0984ea36.wav,Laughter Hi-Hat Flute
338,0995f876.wav,Laughter Hi-Hat Flute
339,09983766.wav,Laughter Hi-Hat Flute
340,09a14a8e.wav,Laughter Hi-Hat Flute
341,09b3e21c.wav,Laughter Hi-Hat Flute
342,09c7044c.wav,Laughter Hi-Hat Flute
343,09c71587.wav,Laughter Hi-Hat Flute
344,09c8f697.wav,Laughter Hi-Hat Flute
345,09c9b50b.wav,Laughter Hi-Hat Flute
346,09cba9de.wav,Laughter Hi-Hat Flute
347,09d0535a.wav,Laughter Hi-Hat Flute
348,09d2d1c0.wav,Laughter Hi-Hat Flute
349,09e5a0ee.wav,Laughter Hi-Hat Flute
350,09e83f2a.wav,Laughter Hi-Hat Flute
351,09eb9ddb.wav,Laughter Hi-Hat Flute
352,09ec3afd.wav,Laughter Hi-Hat Flute
353,09f02a4a.wav,Laughter Hi-Hat Flute
354,09f55e64.wav,Laughter Hi-Hat Flute
355,0a001dfe.wav,Laughter Hi-Hat Flute
356,0a00b1a8.wav,Laughter Hi-Hat Flute
357,0a0b26cc.wav,Laughter Hi-Hat Flute
358,0a23fde2.wav,Laughter Hi-Hat Flute
359,0a3d6e55.wav,Laughter Hi-Hat Flute
360,0a429107.wav,Laughter Hi-Hat Flute
361,0a5cbf90.wav,Laughter Hi-Hat Flute
362,0a5f818e.wav,Laughter Hi-Hat Flute
363,0a6219e5.wav,Laughter Hi-Hat Flute
364,0a67826b.wav,Laughter Hi-Hat Flute
365,0a695221.wav,Laughter Hi-Hat Flute
366,0a6ecade.wav,Laughter Hi-Hat Flute
367,0a71e42d.wav,Laughter Hi-Hat Flute
368,0a79ddf7.wav,Laughter Hi-Hat Flute
369,0a7c7060.wav,Laughter Hi-Hat Flute
370,0a7fbd54.wav,Laughter Hi-Hat Flute
371,0a7ff75b.wav,Laughter Hi-Hat Flute
372,0a848902.wav,Laughter Hi-Hat Flute
373,0a8b7299.wav,Laughter Hi-Hat Flute
374,0a8d849e.wav,Laughter Hi-Hat Flute
375,0a979caf.wav,Laughter Hi-Hat Flute
376,0aaa4d2f.wav,Laughter Hi-Hat Flute
377,0aab4d0f.wav,Laughter Hi-Hat Flute
378,0ab56675.wav,Laughter Hi-Hat Flute
379,0ab99db4.wav,Laughter Hi-Hat Flute
380,0acc6947.wav,Laughter Hi-Hat Flute
381,0ace560e.wav,Laughter Hi-Hat Flute
382,0ace703f.wav,Laughter Hi-Hat Flute
383,0ad916a0.wav,Laughter Hi-Hat Flute
384,0adf81d5.wav,Laughter Hi-Hat Flute
385,0ae1945c.wav,Laughter Hi-Hat Flute
386,0af843ea.wav,Laughter Hi-Hat Flute
387,0b0132c8.wav,Laughter Hi-Hat Flute
388,0b0427e2.wav,Laughter Hi-Hat Flute
389,0b07dc21.wav,Laughter Hi-Hat Flute
390,0b0df9a0.wav,Laughter Hi-Hat Flute
391,0b157a67.wav,Laughter Hi-Hat Flute
392,0b232eb1.wav,Laughter Hi-Hat Flute
393,0b244358.wav,Laughter Hi-Hat Flute
394,0b273087.wav,Laughter Hi-Hat Flute
395,0b278db1.wav,Laughter Hi-Hat Flute
396,0b2f18fa.wav,Laughter Hi-Hat Flute
397,0b321436.wav,Laughter Hi-Hat Flute
398,0b32ee85.wav,Laughter Hi-Hat Flute
399,0b38f744.wav,Laughter Hi-Hat Flute
400,0b3c86c9.wav,Laughter Hi-Hat Flute
401,0b430780.wav,Laughter Hi-Hat Flute
402,0b495758.wav,Laughter Hi-Hat Flute
403,0b4bb93c.wav,Laughter Hi-Hat Flute
404,0b50d4c8.wav,Laughter Hi-Hat Flute
405,0b58b074.wav,Laughter Hi-Hat Flute
406,0b58c7e9.wav,Laughter Hi-Hat Flute
407,0b5fb43f.wav,Laughter Hi-Hat Flute
408,0b62b09f.wav,Laughter Hi-Hat Flute
409,0b752229.wav,Laughter Hi-Hat Flute
410,0b763e4f.wav,Laughter Hi-Hat Flute
411,0b79fdea.wav,Laughter Hi-Hat Flute
412,0b7b694c.wav,Laughter Hi-Hat Flute
413,0b8844bd.wav,Laughter Hi-Hat Flute
414,0b8b79ad.wav,Laughter Hi-Hat Flute
415,0b8dfa34.wav,Laughter Hi-Hat Flute
416,0b9415cd.wav,Laughter Hi-Hat Flute
417,0ba34dec.wav,Laughter Hi-Hat Flute
418,0baa37ed.wav,Laughter Hi-Hat Flute
419,0bb6a21d.wav,Laughter Hi-Hat Flute
420,0bb807c0.wav,Laughter Hi-Hat Flute
421,0bc52ede.wav,Laughter Hi-Hat Flute
422,0bc8ad78.wav,Laughter Hi-Hat Flute
423,0bc938fb.wav,Laughter Hi-Hat Flute
424,0bd5adf9.wav,Laughter Hi-Hat Flute
425,0bdc064a.wav,Laughter Hi-Hat Flute
426,0be5aa79.wav,Laughter Hi-Hat Flute
427,0be7620d.wav,Laughter Hi-Hat Flute
428,0beb8325.wav,Laughter Hi-Hat Flute
429,0bec9842.wav,Laughter Hi-Hat Flute
430,0befc5cb.wav,Laughter Hi-Hat Flute
431,0bf9fbd3.wav,Laughter Hi-Hat Flute
432,0c13feb9.wav,Laughter Hi-Hat Flute
433,0c1bb3e9.wav,Laughter Hi-Hat Flute
434,0c1fbece.wav,Laughter Hi-Hat Flute
435,0c27bc2d.wav,Laughter Hi-Hat Flute
436,0c31ca4c.wav,Laughter Hi-Hat Flute
437,0c3b5861.wav,Laughter Hi-Hat Flute
438,0c3dfac0.wav,Laughter Hi-Hat Flute
439,0c40bbb0.wav,Laughter Hi-Hat Flute
440,0c4de54a.wav,Laughter Hi-Hat Flute
441,0c561099.wav,Laughter Hi-Hat Flute
442,0c58f71a.wav,Laughter Hi-Hat Flute
443,0c654cc0.wav,Laughter Hi-Hat Flute
444,0c6ccd3a.wav,Laughter Hi-Hat Flute
445,0c7311f7.wav,Laughter Hi-Hat Flute
446,0c736a0f.wav,Laughter Hi-Hat Flute
447,0c7a124d.wav,Laughter Hi-Hat Flute
448,0c7a8b1b.wav,Laughter Hi-Hat Flute
449,0c7c51fa.wav,Laughter Hi-Hat Flute
450,0c8071a4.wav,Laughter Hi-Hat Flute
451,0c80cb97.wav,Laughter Hi-Hat Flute
452,0c80f6dc.wav,Laughter Hi-Hat Flute
453,0c91a6b2.wav,Laughter Hi-Hat Flute
454,0c9250b8.wav,Laughter Hi-Hat Flute
455,0ca5bba6.wav,Laughter Hi-Hat Flute
456,0cb0d029.wav,Laughter Hi-Hat Flute
457,0cb48b8e.wav,Laughter Hi-Hat Flute
458,0cb5b4a8.wav,Laughter Hi-Hat Flute
459,0cbe7e42.wav,Laughter Hi-Hat Flute
460,0cc0af58.wav,Laughter Hi-Hat Flute
461,0cd0ec27.wav,Laughter Hi-Hat Flute
462,0cd0f2ef.wav,Laughter Hi-Hat Flute
463,0ce09e4a.wav,Laughter Hi-Hat Flute
464,0ce127f9.wav,Laughter Hi-Hat Flute
465,0ceaab13.wav,Laughter Hi-Hat Flute
466,0ceb2140.wav,Laughter Hi-Hat Flute
467,0cec29e8.wav,Laughter Hi-Hat Flute
468,0cefa487.wav,Laughter Hi-Hat Flute
469,0cf2bcda.wav,Laughter Hi-Hat Flute
470,0cf319fa.wav,Laughter Hi-Hat Flute
471,0cf34718.wav,Laughter Hi-Hat Flute
472,0cf34f6e.wav,Laughter Hi-Hat Flute
473,0d056139.wav,Laughter Hi-Hat Flute
474,0d1bf5b4.wav,Laughter Hi-Hat Flute
475,0d20e8f7.wav,Laughter Hi-Hat Flute
476,0d23dd3a.wav,Laughter Hi-Hat Flute
477,0d242640.wav,Laughter Hi-Hat Flute
478,0d2d13b7.wav,Laughter Hi-Hat Flute
479,0d34cc5a.wav,Laughter Hi-Hat Flute
480,0d415918.wav,Laughter Hi-Hat Flute
481,0d449433.wav,Laughter Hi-Hat Flute
482,0d4ca47e.wav,Laughter Hi-Hat Flute
483,0d5bb142.wav,Laughter Hi-Hat Flute
484,0d6e2584.wav,Laughter Hi-Hat Flute
485,0d7549a4.wav,Laughter Hi-Hat Flute
486,0d7f7f76.wav,Laughter Hi-Hat Flute
487,0d89b6a4.wav,Laughter Hi-Hat Flute
488,0d8d0cbd.wav,Laughter Hi-Hat Flute
489,0d90d498.wav,Laughter Hi-Hat Flute
490,0d950fc6.wav,Laughter Hi-Hat Flute
491,0d976b22.wav,Laughter Hi-Hat Flute
492,0d98574f.wav,Laughter Hi-Hat Flute
493,0d99cfde.wav,Laughter Hi-Hat Flute
494,0d9de265.wav,Laughter Hi-Hat Flute
495,0da2acf4.wav,Laughter Hi-Hat Flute
496,0da592f2.wav,Laughter Hi-Hat Flute
497,0daa7a68.wav,Laughter Hi-Hat Flute
498,0db0fb36.wav,Laughter Hi-Hat Flute
499,0db21ee8.wav,Laughter Hi-Hat Flute
500,0db35f79.wav,Laughter Hi-Hat Flute
501,0db65bf4.wav,Laughter Hi-Hat Flute
502,0db6ac5f.wav,Laughter Hi-Hat Flute
503,0dbb37b3.wav,Laughter Hi-Hat Flute
504,0dc193fe.wav,Laughter Hi-Hat Flute
505,0dc7fd72.wav,Laughter Hi-Hat Flute
506,0dd0e034.wav,Laughter Hi-Hat Flute
507,0dd68380.wav,Laughter Hi-Hat Flute
508,0de4b9f0.wav,Laughter Hi-Hat Flute
509,0def8cc7.wav,Laughter Hi-Hat Flute
510,0df38dfd.wav,Laughter Hi-Hat Flute
511,0e06ba41.wav,Laughter Hi-Hat Flute
512,0e12c15c.wav,Laughter Hi-Hat Flute
513,0e1bd033.wav,Laughter Hi-Hat Flute
514,0e23a6f4.wav,Laughter Hi-Hat Flute
515,0e26ccc9.wav,Laughter Hi-Hat Flute
516,0e2d428f.wav,Laughter Hi-Hat Flute
517,0e2ff60a.wav,Laughter Hi-Hat Flute
518,0e373704.wav,Laughter Hi-Hat Flute
519,0e398b30.wav,Laughter Hi-Hat Flute
520,0e3b99ce.wav,Laughter Hi-Hat Flute
521,0e3cdc5d.wav,Laughter Hi-Hat Flute
522,0e3d8062.wav,Laughter Hi-Hat Flute
523,0e45be94.wav,Laughter Hi-Hat Flute
524,0e468de3.wav,Laughter Hi-Hat Flute
525,0e507ea4.wav,Laughter Hi-Hat Flute
526,0e5184a9.wav,Laughter Hi-Hat Flute
527,0e551b02.wav,Laughter Hi-Hat Flute
528,0e596194.wav,Laughter Hi-Hat Flute
529,0e596a0b.wav,Laughter Hi-Hat Flute
530,0e5a2f7e.wav,Laughter Hi-Hat Flute
531,0e5e9be8.wav,Laughter Hi-Hat Flute
532,0e666b44.wav,Laughter Hi-Hat Flute
533,0e6a2b2e.wav,Laughter Hi-Hat Flute
534,0e70bdaa.wav,Laughter Hi-Hat Flute
535,0e722a03.wav,Laughter Hi-Hat Flute
536,0e7aea38.wav,Laughter Hi-Hat Flute
537,0e7d6e2d.wav,Laughter Hi-Hat Flute
538,0e7e36b2.wav,Laughter Hi-Hat Flute
539,0e889160.wav,Laughter Hi-Hat Flute
540,0e8ccc81.wav,Laughter Hi-Hat Flute
541,0e95fbb5.wav,Laughter Hi-Hat Flute
542,0e9c6c50.wav,Laughter Hi-Hat Flute
543,0ea36a9f.wav,Laughter Hi-Hat Flute
544,0ea9839a.wav,Laughter Hi-Hat Flute
545,0eb8b04e.wav,Laughter Hi-Hat Flute
546,0ec5f052.wav,Laughter Hi-Hat Flute
547,0ed387f3.wav,Laughter Hi-Hat Flute
548,0edbfc63.wav,Laughter Hi-Hat Flute
549,0eead3a5.wav,Laughter Hi-Hat Flute
550,0ef36ea1.wav,Laughter Hi-Hat Flute
551,0f0b1ca2.wav,Laughter Hi-Hat Flute
552,0f0d26ff.wav,Laughter Hi-Hat Flute
553,0f0e6fcb.wav,Laughter Hi-Hat Flute
554,0f186af1.wav,Laughter Hi-Hat Flute
555,0f1b4552.wav,Laughter Hi-Hat Flute
556,0f3786e3.wav,Laughter Hi-Hat Flute
557,0f3ac4c8.wav,Laughter Hi-Hat Flute
558,0f45b11a.wav,Laughter Hi-Hat Flute
559,0f4db823.wav,Laughter Hi-Hat Flute
560,0f4edd6e.wav,Laughter Hi-Hat Flute
561,0f5182eb.wav,Laughter Hi-Hat Flute
562,0f53de64.wav,Laughter Hi-Hat Flute
563,0f54592d.wav,Laughter Hi-Hat Flute
564,0f545c0a.wav,Laughter Hi-Hat Flute
565,0f5d35da.wav,Laughter Hi-Hat Flute
566,0f6b702d.wav,Laughter Hi-Hat Flute
567,0f6bd0ae.wav,Laughter Hi-Hat Flute
568,0f6dd6d8.wav,Laughter Hi-Hat Flute
569,0f7080a5.wav,Laughter Hi-Hat Flute
570,0f712cb7.wav,Laughter Hi-Hat Flute
571,0f7784da.wav,Laughter Hi-Hat Flute
572,0f784c9c.wav,Laughter Hi-Hat Flute
573,0f826ebb.wav,Laughter Hi-Hat Flute
574,0f9ff067.wav,Laughter Hi-Hat Flute
575,0fac704f.wav,Laughter Hi-Hat Flute
576,0fae3120.wav,Laughter Hi-Hat Flute
577,0fba4394.wav,Laughter Hi-Hat Flute
578,0fc2e748.wav,Laughter Hi-Hat Flute
579,0fc6872b.wav,Laughter Hi-Hat Flute
580,0fcc66b7.wav,Laughter Hi-Hat Flute
581,0fcd2371.wav,Laughter Hi-Hat Flute
582,0fd0464f.wav,Laughter Hi-Hat Flute
583,0fd07de6.wav,Laughter Hi-Hat Flute
584,0fd76662.wav,Laughter Hi-Hat Flute
585,0fe4be7c.wav,Laughter Hi-Hat Flute
586,0fe4e425.wav,Laughter Hi-Hat Flute
587,0feb250e.wav,Laughter Hi-Hat Flute
588,10010bbd.wav,Laughter Hi-Hat Flute
589,10039900.wav,Laughter Hi-Hat Flute
590,10098579.wav,Laughter Hi-Hat Flute
591,100c5246.wav,Laughter Hi-Hat Flute
592,10109319.wav,Laughter Hi-Hat Flute
593,10121a69.wav,Laughter Hi-Hat Flute
594,10145c52.wav,Laughter Hi-Hat Flute
595,10145c60.wav,Laughter Hi-Hat Flute
596,101c0bd4.wav,Laughter Hi-Hat Flute
597,1023611b.wav,Laughter Hi-Hat Flute
598,10252b9e.wav,Laughter Hi-Hat Flute
599,103bac20.wav,Laughter Hi-Hat Flute
600,104489a6.wav,Laughter Hi-Hat Flute
601,10480421.wav,Laughter Hi-Hat Flute
602,1048ea58.wav,Laughter Hi-Hat Flute
603,1050c329.wav,Laughter Hi-Hat Flute
604,1054db8c.wav,Laughter Hi-Hat Flute
605,1057f6f9.wav,Laughter Hi-Hat Flute
606,106c682c.wav,Laughter Hi-Hat Flute
607,1071703e.wav,Laughter Hi-Hat Flute
608,10729c8a.wav,Laughter Hi-Hat Flute
609,1079e2d1.wav,Laughter Hi-Hat Flute
610,107e3cbe.wav,Laughter Hi-Hat Flute
611,108b5bef.wav,Laughter Hi-Hat Flute
612,109321f2.wav,Laughter Hi-Hat Flute
613,10949041.wav,Laughter Hi-Hat Flute
614,1099a7a8.wav,Laughter Hi-Hat Flute
615,10d3b2ec.wav,Laughter Hi-Hat Flute
616,10d5c4ce.wav,Laughter Hi-Hat Flute
617,10d73c58.wav,Laughter Hi-Hat Flute
618,10d9053b.wav,Laughter Hi-Hat Flute
619,10d9265f.wav,Laughter Hi-Hat Flute
620,10dba05f.wav,Laughter Hi-Hat Flute
621,10dddec0.wav,Laughter Hi-Hat Flute
622,10e46486.wav,Laughter Hi-Hat Flute
623,10f6ad27.wav,Laughter Hi-Hat Flute
624,11041746.wav,Laughter Hi-Hat Flute
625,111dd875.wav,Laughter Hi-Hat Flute
626,112283e8.wav,Laughter Hi-Hat Flute
627,1122c26f.wav,Laughter Hi-Hat Flute
628,112da824.wav,Laughter Hi-Hat Flute
629,11338182.wav,Laughter Hi-Hat Flute
630,113b0e32.wav,Laughter Hi-Hat Flute
631,113d2ca9.wav,Laughter Hi-Hat Flute
632,1141793d.wav,Laughter Hi-Hat Flute
633,11442d0e.wav,Laughter Hi-Hat Flute
634,1146e063.wav,Laughter Hi-Hat Flute
635,11544687.wav,Laughter Hi-Hat Flute
636,115a258b.wav,Laughter Hi-Hat Flute
637,115aa41f.wav,Laughter Hi-Hat Flute
638,116b77d5.wav,Laughter Hi-Hat Flute
639,11704d14.wav,Laughter Hi-Hat Flute
640,11770392.wav,Laughter Hi-Hat Flute
641,117dcac8.wav,Laughter Hi-Hat Flute
642,11844b37.wav,Laughter Hi-Hat Flute
643,11867b61.wav,Laughter Hi-Hat Flute
644,1189cf83.wav,Laughter Hi-Hat Flute
645,118f1763.wav,Laughter Hi-Hat Flute
646,11986117.wav,Laughter Hi-Hat Flute
647,119a3278.wav,Laughter Hi-Hat Flute
648,11a10ce8.wav,Laughter Hi-Hat Flute
649,11a4f814.wav,Laughter Hi-Hat Flute
650,11ae787e.wav,Laughter Hi-Hat Flute
651,11cc6d11.wav,Laughter Hi-Hat Flute
652,11e6a1ec.wav,Laughter Hi-Hat Flute
653,11e80486.wav,Laughter Hi-Hat Flute
654,11e95378.wav,Laughter Hi-Hat Flute
655,11edc852.wav,Laughter Hi-Hat Flute
656,11f661bd.wav,Laughter Hi-Hat Flute
657,11f6b674.wav,Laughter Hi-Hat Flute
658,11fa11a0.wav,Laughter Hi-Hat Flute
659,12034b1a.wav,Laughter Hi-Hat Flute
660,120c7292.wav,Laughter Hi-Hat Flute
661,1221a798.wav,Laughter Hi-Hat Flute
662,122abe8c.wav,Laughter Hi-Hat Flute
663,122f1508.wav,Laughter Hi-Hat Flute
664,12394644.wav,Laughter Hi-Hat Flute
665,123986b6.wav,Laughter Hi-Hat Flute
666,1242ac46.wav,Laughter Hi-Hat Flute
667,1248a779.wav,Laughter Hi-Hat Flute
668,1248f9e2.wav,Laughter Hi-Hat Flute
669,12508a7b.wav,Laughter Hi-Hat Flute
670,12584f90.wav,Laughter Hi-Hat Flute
671,125c89cb.wav,Laughter Hi-Hat Flute
672,125dccd9.wav,Laughter Hi-Hat Flute
673,12679aee.wav,Laughter Hi-Hat Flute
674,126a48d2.wav,Laughter Hi-Hat Flute
675,1271e7aa.wav,Laughter Hi-Hat Flute
676,12770ffc.wav,Laughter Hi-Hat Flute
677,12798b6a.wav,Laughter Hi-Hat Flute
678,127a43ec.wav,Laughter Hi-Hat Flute
679,127d3803.wav,Laughter Hi-Hat Flute
680,12a0327a.wav,Laughter Hi-Hat Flute
681,12a83756.wav,Laughter Hi-Hat Flute
682,12ac9a66.wav,Laughter Hi-Hat Flute
683,12adec75.wav,Laughter Hi-Hat Flute
684,12ae3ff9.wav,Laughter Hi-Hat Flute
685,12bb4b63.wav,Laughter Hi-Hat Flute
686,12bf9735.wav,Laughter Hi-Hat Flute
687,12bfa703.wav,Laughter Hi-Hat Flute
688,12c73c11.wav,Laughter Hi-Hat Flute
689,12d71e7f.wav,Laughter Hi-Hat Flute
690,12d94273.wav,Laughter Hi-Hat Flute
691,12e91a56.wav,Laughter Hi-Hat Flute
692,12ed3971.wav,Laughter Hi-Hat Flute
693,12edfe79.wav,Laughter Hi-Hat Flute
694,12f5ec05.wav,Laughter Hi-Hat Flute
695,12f71a9d.wav,Laughter Hi-Hat Flute
696,12f9efda.wav,Laughter Hi-Hat Flute
697,12fb2e35.wav,Laughter Hi-Hat Flute
698,130112d1.wav,Laughter Hi-Hat Flute
699,1302eade.wav,Laughter Hi-Hat Flute
700,130988c6.wav,Laughter Hi-Hat Flute
701,13184046.wav,Laughter Hi-Hat Flute
702,13331371.wav,Laughter Hi-Hat Flute
703,13354f83.wav,Laughter Hi-Hat Flute
704,133599c8.wav,Laughter Hi-Hat Flute
705,13371a0b.wav,Laughter Hi-Hat Flute
706,133a1dac.wav,Laughter Hi-Hat Flute
707,13489639.wav,Laughter Hi-Hat Flute
708,138bb73e.wav,Laughter Hi-Hat Flute
709,1391b6b2.wav,Laughter Hi-Hat Flute
710,13979584.wav,Laughter Hi-Hat Flute
711,139ab603.wav,Laughter Hi-Hat Flute
712,139aebb0.wav,Laughter Hi-Hat Flute
713,13a6fa65.wav,Laughter Hi-Hat Flute
714,13a9b494.wav,Laughter Hi-Hat Flute
715,13b9e681.wav,Laughter Hi-Hat Flute
716,13bd9ca7.wav,Laughter Hi-Hat Flute
717,13c4e7ef.wav,Laughter Hi-Hat Flute
718,13c6f3c2.wav,Laughter Hi-Hat Flute
719,13cc0201.wav,Laughter Hi-Hat Flute
720,13d4af26.wav,Laughter Hi-Hat Flute
721,13d5aec7.wav,Laughter Hi-Hat Flute
722,13d6fb26.wav,Laughter Hi-Hat Flute
723,13e1e624.wav,Laughter Hi-Hat Flute
724,13e2b96a.wav,Laughter Hi-Hat Flute
725,13e4f495.wav,Laughter Hi-Hat Flute
726,13ee85d2.wav,Laughter Hi-Hat Flute
727,13f663b3.wav,Laughter Hi-Hat Flute
728,14031155.wav,Laughter Hi-Hat Flute
729,14041984.wav,Laughter Hi-Hat Flute
730,140d79b0.wav,Laughter Hi-Hat Flute
731,14182f8e.wav,Laughter Hi-Hat Flute
732,141a7b5d.wav,Laughter Hi-Hat Flute
733,141d4ba2.wav,Laughter Hi-Hat Flute
734,142258b7.wav,Laughter Hi-Hat Flute
735,1437b371.wav,Laughter Hi-Hat Flute
736,143feb4e.wav,Laughter Hi-Hat Flute
737,144157e4.wav,Laughter Hi-Hat Flute
738,14448a8a.wav,Laughter Hi-Hat Flute
739,1457e269.wav,Laughter Hi-Hat Flute
740,1460cf8c.wav,Laughter Hi-Hat Flute
741,1467ad73.wav,Laughter Hi-Hat Flute
742,1472c52c.wav,Laughter Hi-Hat Flute
743,147b4b92.wav,Laughter Hi-Hat Flute
744,14825a40.wav,Laughter Hi-Hat Flute
745,14973511.wav,Laughter Hi-Hat Flute
746,14a35fad.wav,Laughter Hi-Hat Flute
747,14a40516.wav,Laughter Hi-Hat Flute
748,14acb290.wav,Laughter Hi-Hat Flute
749,14acdf0f.wav,Laughter Hi-Hat Flute
750,14b028c5.wav,Laughter Hi-Hat Flute
751,14ba2025.wav,Laughter Hi-Hat Flute
752,14bb9803.wav,Laughter Hi-Hat Flute
753,14bbc9cf.wav,Laughter Hi-Hat Flute
754,14bd9082.wav,Laughter Hi-Hat Flute
755,14c45684.wav,Laughter Hi-Hat Flute
756,14c6a761.wav,Laughter Hi-Hat Flute
757,14c71e9e.wav,Laughter Hi-Hat Flute
758,14cd4f75.wav,Laughter Hi-Hat Flute
759,14d6a6a0.wav,Laughter Hi-Hat Flute
760,14dcf709.wav,Laughter Hi-Hat Flute
761,14e7e9ac.wav,Laughter Hi-Hat Flute
762,14f70585.wav,Laughter Hi-Hat Flute
763,14f708da.wav,Laughter Hi-Hat Flute
764,1502179d.wav,Laughter Hi-Hat Flute
765,150429d6.wav,Laughter Hi-Hat Flute
766,150e1dd2.wav,Laughter Hi-Hat Flute
767,151254c2.wav,Laughter Hi-Hat Flute
768,15125f5f.wav,Laughter Hi-Hat Flute
769,15139a13.wav,Laughter Hi-Hat Flute
770,1515bb19.wav,Laughter Hi-Hat Flute
771,15184f5f.wav,Laughter Hi-Hat Flute
772,15190a5f.wav,Laughter Hi-Hat Flute
773,1519b35f.wav,Laughter Hi-Hat Flute
774,15295b70.wav,Laughter Hi-Hat Flute
775,152f3667.wav,Laughter Hi-Hat Flute
776,15345e4a.wav,Laughter Hi-Hat Flute
777,15389a70.wav,Laughter Hi-Hat Flute
778,153a0440.wav,Laughter Hi-Hat Flute
779,153f814a.wav,Laughter Hi-Hat Flute
780,1545d3db.wav,Laughter Hi-Hat Flute
781,15603fd9.wav,Laughter Hi-Hat Flute
782,15719ed6.wav,Laughter Hi-Hat Flute
783,15750f4b.wav,Laughter Hi-Hat Flute
784,158607fd.wav,Laughter Hi-Hat Flute
785,15860b48.wav,Laughter Hi-Hat Flute
786,158a30ac.wav,Laughter Hi-Hat Flute
787,158bd28f.wav,Laughter Hi-Hat Flute
788,159e8bfb.wav,Laughter Hi-Hat Flute
789,15af3daf.wav,Laughter Hi-Hat Flute
790,15ba6e85.wav,Laughter Hi-Hat Flute
791,15bc9bf6.wav,Laughter Hi-Hat Flute
792,15bfb7ad.wav,Laughter Hi-Hat Flute
793,15ce5db3.wav,Laughter Hi-Hat Flute
794,15d87509.wav,Laughter Hi-Hat Flute
795,15df8abd.wav,Laughter Hi-Hat Flute
796,15f246da.wav,Laughter Hi-Hat Flute
797,15f4101c.wav,Laughter Hi-Hat Flute
798,15f5c90b.wav,Laughter Hi-Hat Flute
799,15f6fc67.wav,Laughter Hi-Hat Flute
800,160853bc.wav,Laughter Hi-Hat Flute
801,160f466f.wav,Laughter Hi-Hat Flute
802,1615df90.wav,Laughter Hi-Hat Flute
803,161d4ab4.wav,Laughter Hi-Hat Flute
804,162e8246.wav,Laughter Hi-Hat Flute
805,16345547.wav,Laughter Hi-Hat Flute
806,16348aa9.wav,Laughter Hi-Hat Flute
807,163b9ad7.wav,Laughter Hi-Hat Flute
808,16431ede.wav,Laughter Hi-Hat Flute
809,164b4c89.wav,Laughter Hi-Hat Flute
810,164f3510.wav,Laughter Hi-Hat Flute
811,165bc5ea.wav,Laughter Hi-Hat Flute
812,16612ee5.wav,Laughter Hi-Hat Flute
813,166649ff.wav,Laughter Hi-Hat Flute
814,166699d1.wav,Laughter Hi-Hat Flute
815,167438db.wav,Laughter Hi-Hat Flute
816,1674eaff.wav,Laughter Hi-Hat Flute
817,16750658.wav,Laughter Hi-Hat Flute
818,167d07c1.wav,Laughter Hi-Hat Flute
819,168dde05.wav,Laughter Hi-Hat Flute
820,169187fd.wav,Laughter Hi-Hat Flute
821,1692752a.wav,Laughter Hi-Hat Flute
822,16991fc7.wav,Laughter Hi-Hat Flute
823,1699bae8.wav,Laughter Hi-Hat Flute
824,16a2e687.wav,Laughter Hi-Hat Flute
825,16aaa6b7.wav,Laughter Hi-Hat Flute
826,16bd65e1.wav,Laughter Hi-Hat Flute
827,16bd8f47.wav,Laughter Hi-Hat Flute
828,16c01f9b.wav,Laughter Hi-Hat Flute
829,16c8058b.wav,Laughter Hi-Hat Flute
830,16cda087.wav,Laughter Hi-Hat Flute
831,16cf8831.wav,Laughter Hi-Hat Flute
832,16d0c74a.wav,Laughter Hi-Hat Flute
833,16d4034a.wav,Laughter Hi-Hat Flute
834,16e89d43.wav,Laughter Hi-Hat Flute
835,16ec0be8.wav,Laughter Hi-Hat Flute
836,16f71d9e.wav,Laughter Hi-Hat Flute
837,170e0bb1.wav,Laughter Hi-Hat Flute
838,170ee500.wav,Laughter Hi-Hat Flute
839,170f53d8.wav,Laughter Hi-Hat Flute
840,17153cf6.wav,Laughter Hi-Hat Flute
841,171d5e5d.wav,Laughter Hi-Hat Flute
842,1723feb0.wav,Laughter Hi-Hat Flute
843,17312128.wav,Laughter Hi-Hat Flute
844,17356873.wav,Laughter Hi-Hat Flute
845,173e49ef.wav,Laughter Hi-Hat Flute
846,173ea625.wav,Laughter Hi-Hat Flute
847,17455a79.wav,Laughter Hi-Hat Flute
848,17490d6b.wav,Laughter Hi-Hat Flute
849,174b0363.wav,Laughter Hi-Hat Flute
850,17511eae.wav,Laughter Hi-Hat Flute
851,1760e135.wav,Laughter Hi-Hat Flute
852,17617f21.wav,Laughter Hi-Hat Flute
853,17674111.wav,Laughter Hi-Hat Flute
854,176e2113.wav,Laughter Hi-Hat Flute
855,1771861b.wav,Laughter Hi-Hat Flute
856,17744d78.wav,Laughter Hi-Hat Flute
857,1779afe8.wav,Laughter Hi-Hat Flute
858,177ce933.wav,Laughter Hi-Hat Flute
859,177f344a.wav,Laughter Hi-Hat Flute
860,1781c115.wav,Laughter Hi-Hat Flute
861,1788e6f6.wav,Laughter Hi-Hat Flute
862,17955a9f.wav,Laughter Hi-Hat Flute
863,1796f9cb.wav,Laughter Hi-Hat Flute
864,17985dae.wav,Laughter Hi-Hat Flute
865,17a4e6f1.wav,Laughter Hi-Hat Flute
866,17a5de4f.wav,Laughter Hi-Hat Flute
867,17a87178.wav,Laughter Hi-Hat Flute
868,17ad9090.wav,Laughter Hi-Hat Flute
869,17b474ef.wav,Laughter Hi-Hat Flute
870,17b61ce8.wav,Laughter Hi-Hat Flute
871,17c07953.wav,Laughter Hi-Hat Flute
872,17c3c741.wav,Laughter Hi-Hat Flute
873,17c6a405.wav,Laughter Hi-Hat Flute
874,17cb084e.wav,Laughter Hi-Hat Flute
875,17cf92a5.wav,Laughter Hi-Hat Flute
876,17cfddcf.wav,Laughter Hi-Hat Flute
877,17d75970.wav,Laughter Hi-Hat Flute
878,17dba240.wav,Laughter Hi-Hat Flute
879,17e3144e.wav,Laughter Hi-Hat Flute
880,17e829a7.wav,Laughter Hi-Hat Flute
881,17edf1e0.wav,Laughter Hi-Hat Flute
882,17ee3009.wav,Laughter Hi-Hat Flute
883,17fc511c.wav,Laughter Hi-Hat Flute
884,18063bf0.wav,Laughter Hi-Hat Flute
885,1806ff82.wav,Laughter Hi-Hat Flute
886,180d82cc.wav,Laughter Hi-Hat Flute
887,1810cd33.wav,Laughter Hi-Hat Flute
888,181505d1.wav,Laughter Hi-Hat Flute
889,1819a7b7.wav,Laughter Hi-Hat Flute
890,18210526.wav,Laughter Hi-Hat Flute
891,18229e72.wav,Laughter Hi-Hat Flute
892,18253631.wav,Laughter Hi-Hat Flute
893,1837f058.wav,Laughter Hi-Hat Flute
894,18452dbe.wav,Laughter Hi-Hat Flute
895,184c3a72.wav,Laughter Hi-Hat Flute
896,1850e006.wav,Laughter Hi-Hat Flute
897,1858f370.wav,Laughter Hi-Hat Flute
898,1874843c.wav,Laughter Hi-Hat Flute
899,187532f8.wav,Laughter Hi-Hat Flute
900,187d9e6e.wav,Laughter Hi-Hat Flute
901,187e3878.wav,Laughter Hi-Hat Flute
902,18841b79.wav,Laughter Hi-Hat Flute
903,18885439.wav,Laughter Hi-Hat Flute
904,189441e1.wav,Laughter Hi-Hat Flute
905,1898f7b6.wav,Laughter Hi-Hat Flute
906,18a625d3.wav,Laughter Hi-Hat Flute
907,18a6df57.wav,Laughter Hi-Hat Flute
908,18b27945.wav,Laughter Hi-Hat Flute
909,18b390aa.wav,Laughter Hi-Hat Flute
910,18b60e7c.wav,Laughter Hi-Hat Flute
911,18b6a781.wav,Laughter Hi-Hat Flute
912,18bc04e0.wav,Laughter Hi-Hat Flute
913,18bc6c72.wav,Laughter Hi-Hat Flute
914,18c8750a.wav,Laughter Hi-Hat Flute
915,18d60f74.wav,Laughter Hi-Hat Flute
916,18d8abc6.wav,Laughter Hi-Hat Flute
917,18de723e.wav,Laughter Hi-Hat Flute
918,18e228c9.wav,Laughter Hi-Hat Flute
919,18e2418d.wav,Laughter Hi-Hat Flute
920,18e3eb8c.wav,Laughter Hi-Hat Flute
921,18e8e2ac.wav,Laughter Hi-Hat Flute
922,18ea036e.wav,Laughter Hi-Hat Flute
923,18f3a477.wav,Laughter Hi-Hat Flute
924,18f56a28.wav,Laughter Hi-Hat Flute
925,190cd2ef.wav,Laughter Hi-Hat Flute
926,190f0ca0.wav,Laughter Hi-Hat Flute
927,191087dd.wav,Laughter Hi-Hat Flute
928,19125f06.wav,Laughter Hi-Hat Flute
929,1919c4b7.wav,Laughter Hi-Hat Flute
930,19202922.wav,Laughter Hi-Hat Flute
931,192b0f83.wav,Laughter Hi-Hat Flute
932,192d38cf.wav,Laughter Hi-Hat Flute
933,192ddfa1.wav,Laughter Hi-Hat Flute
934,19390e56.wav,Laughter Hi-Hat Flute
935,193d9d2a.wav,Laughter Hi-Hat Flute
936,19416771.wav,Laughter Hi-Hat Flute
937,19488282.wav,Laughter Hi-Hat Flute
938,194d4fda.wav,Laughter Hi-Hat Flute
939,19507c1a.wav,Laughter Hi-Hat Flute
940,19536d06.wav,Laughter Hi-Hat Flute
941,19544e43.wav,Laughter Hi-Hat Flute
942,19570da6.wav,Laughter Hi-Hat Flute
943,195b0c65.wav,Laughter Hi-Hat Flute
944,197366a1.wav,Laughter Hi-Hat Flute
945,198e4540.wav,Laughter Hi-Hat Flute
946,19a120d3.wav,Laughter Hi-Hat Flute
947,19a2a5c8.wav,Laughter Hi-Hat Flute
948,19a316cc.wav,Laughter Hi-Hat Flute
949,19a33fef.wav,Laughter Hi-Hat Flute
950,19a37eff.wav,Laughter Hi-Hat Flute
951,19a686e2.wav,Laughter Hi-Hat Flute
952,19afe1a7.wav,Laughter Hi-Hat Flute
953,19b5d0da.wav,Laughter Hi-Hat Flute
954,19b7eea0.wav,Laughter Hi-Hat Flute
955,19bb6cb7.wav,Laughter Hi-Hat Flute
956,19bf2ce6.wav,Laughter Hi-Hat Flute
957,19c7d5e3.wav,Laughter Hi-Hat Flute
958,19c987c6.wav,Laughter Hi-Hat Flute
959,19d11a47.wav,Laughter Hi-Hat Flute
960,19d3f305.wav,Laughter Hi-Hat Flute
961,19d4d324.wav,Laughter Hi-Hat Flute
962,19d99b8e.wav,Laughter Hi-Hat Flute
963,19dd0adf.wav,Laughter Hi-Hat Flute
964,19de8357.wav,Laughter Hi-Hat Flute
965,19e18ee3.wav,Laughter Hi-Hat Flute
966,19e6b24a.wav,Laughter Hi-Hat Flute
967,19e6ef89.wav,Laughter Hi-Hat Flute
968,19e9e878.wav,Laughter Hi-Hat Flute
969,1a01aa4d.wav,Laughter Hi-Hat Flute
970,1a1227e2.wav,Laughter Hi-Hat Flute
971,1a14b601.wav,Laughter Hi-Hat Flute
972,1a1da2bf.wav,Laughter Hi-Hat Flute
973,1a21ea60.wav,Laughter Hi-Hat Flute
974,1a281fda.wav,Laughter Hi-Hat Flute
975,1a29b341.wav,Laughter Hi-Hat Flute
976,1a2f7f1a.wav,Laughter Hi-Hat Flute
977,1a33953a.wav,Laughter Hi-Hat Flute
978,1a35ff8a.wav,Laughter Hi-Hat Flute
979,1a397af4.wav,Laughter Hi-Hat Flute
980,1a3cf6de.wav,Laughter Hi-Hat Flute
981,1a4085ff.wav,Laughter Hi-Hat Flute
982,1a46e9e3.wav,Laughter Hi-Hat Flute
983,1a47fb84.wav,Laughter Hi-Hat Flute
984,1a4cd763.wav,Laughter Hi-Hat Flute
985,1a52350b.wav,Laughter Hi-Hat Flute
986,1a74d00f.wav,Laughter Hi-Hat Flute
987,1a7618a1.wav,Laughter Hi-Hat Flute
988,1a836d36.wav,Laughter Hi-Hat Flute
989,1a862948.wav,Laughter Hi-Hat Flute
990,1a99c876.wav,Laughter Hi-Hat Flute
991,1a9afa92.wav,Laughter Hi-Hat Flute
992,1ab0c900.wav,Laughter Hi-Hat Flute
993,1ace26c4.wav,Laughter Hi-Hat Flute
994,1ae0231e.wav,Laughter Hi-Hat Flute
995,1ae2b5fa.wav,Laughter Hi-Hat Flute
996,1ae9b98d.wav,Laughter Hi-Hat Flute
997,1af722d1.wav,Laughter Hi-Hat Flute
998,1afb9f93.wav,Laughter Hi-Hat Flute
999,1b004964.wav,Laughter Hi-Hat Flute
1000,1b098b97.wav,Laughter Hi-Hat Flute
1001,1b12b1e4.wav,Laughter Hi-Hat Flute
1002,1b19cbdc.wav,Laughter Hi-Hat Flute
1003,1b2cedea.wav,Laughter Hi-Hat Flute
1004,1b2d2eb0.wav,Laughter Hi-Hat Flute
1005,1b31d71a.wav,Laughter Hi-Hat Flute
1006,1b34f72f.wav,Laughter Hi-Hat Flute
1007,1b3e0883.wav,Laughter Hi-Hat Flute
1008,1b3e2c90.wav,Laughter Hi-Hat Flute
1009,1b3ff3e3.wav,Laughter Hi-Hat Flute
1010,1b493d48.wav,Laughter Hi-Hat Flute
1011,1b4fa840.wav,Laughter Hi-Hat Flute
1012,1b74b785.wav,Laughter Hi-Hat Flute
1013,1b75d261.wav,Laughter Hi-Hat Flute
1014,1b7c4e2b.wav,Laughter Hi-Hat Flute
1015,1b8034fc.wav,Laughter Hi-Hat Flute
1016,1b889126.wav,Laughter Hi-Hat Flute
1017,1b88d7ed.wav,Laughter Hi-Hat Flute
1018,1b937248.wav,Laughter Hi-Hat Flute
1019,1b9ea23e.wav,Laughter Hi-Hat Flute
1020,1ba287ab.wav,Laughter Hi-Hat Flute
1021,1ba7d175.wav,Laughter Hi-Hat Flute
1022,1bae1f0b.wav,Laughter Hi-Hat Flute
1023,1bb20333.wav,Laughter Hi-Hat Flute
1024,1be801e3.wav,Laughter Hi-Hat Flute
1025,1bf44f35.wav,Laughter Hi-Hat Flute
1026,1bf693b4.wav,Laughter Hi-Hat Flute
1027,1bf6b145.wav,Laughter Hi-Hat Flute
1028,1bff2b1f.wav,Laughter Hi-Hat Flute
1029,1c01994c.wav,Laughter Hi-Hat Flute
1030,1c0b1492.wav,Laughter Hi-Hat Flute
1031,1c0bb5ac.wav,Laughter Hi-Hat Flute
1032,1c1562b1.wav,Laughter Hi-Hat Flute
1033,1c30344f.wav,Laughter Hi-Hat Flute
1034,1c317f0b.wav,Laughter Hi-Hat Flute
1035,1c35850e.wav,Laughter Hi-Hat Flute
1036,1c365ceb.wav,Laughter Hi-Hat Flute
1037,1c37d9ab.wav,Laughter Hi-Hat Flute
1038,1c39822b.wav,Laughter Hi-Hat Flute
1039,1c44cef3.wav,Laughter Hi-Hat Flute
1040,1c4c454a.wav,Laughter Hi-Hat Flute
1041,1c538cbe.wav,Laughter Hi-Hat Flute
1042,1c55199a.wav,Laughter Hi-Hat Flute
1043,1c661f20.wav,Laughter Hi-Hat Flute
1044,1c664c64.wav,Laughter Hi-Hat Flute
1045,1c67014c.wav,Laughter Hi-Hat Flute
1046,1c692b4d.wav,Laughter Hi-Hat Flute
1047,1c71ef05.wav,Laughter Hi-Hat Flute
1048,1c75b34c.wav,Laughter Hi-Hat Flute
1049,1c8f42bf.wav,Laughter Hi-Hat Flute
1050,1c9ac38c.wav,Laughter Hi-Hat Flute
1051,1ca6610b.wav,Laughter Hi-Hat Flute
1052,1cb0ba38.wav,Laughter Hi-Hat Flute
1053,1cb49809.wav,Laughter Hi-Hat Flute
1054,1cb6cef9.wav,Laughter Hi-Hat Flute
1055,1cbc36e4.wav,Laughter Hi-Hat Flute
1056,1cbdc6d4.wav,Laughter Hi-Hat Flute
1057,1cc8a3d5.wav,Laughter Hi-Hat Flute
1058,1cd4aae5.wav,Laughter Hi-Hat Flute
1059,1cdcfc87.wav,Laughter Hi-Hat Flute
1060,1ce16b1a.wav,Laughter Hi-Hat Flute
1061,1ce5c4d8.wav,Laughter Hi-Hat Flute
1062,1cff8cc1.wav,Laughter Hi-Hat Flute
1063,1cffd032.wav,Laughter Hi-Hat Flute
1064,1d030689.wav,Laughter Hi-Hat Flute
1065,1d06734e.wav,Laughter Hi-Hat Flute
1066,1d0efb5d.wav,Laughter Hi-Hat Flute
1067,1d12222d.wav,Laughter Hi-Hat Flute
1068,1d15592d.wav,Laughter Hi-Hat Flute
1069,1d20d1a4.wav,Laughter Hi-Hat Flute
1070,1d2efb23.wav,Laughter Hi-Hat Flute
1071,1d2f5756.wav,Laughter Hi-Hat Flute
1072,1d2feaeb.wav,Laughter Hi-Hat Flute
1073,1d34997d.wav,Laughter Hi-Hat Flute
1074,1d398ebc.wav,Laughter Hi-Hat Flute
1075,1d49edfa.wav,Laughter Hi-Hat Flute
1076,1d4afd29.wav,Laughter Hi-Hat Flute
1077,1d58ee7a.wav,Laughter Hi-Hat Flute
1078,1d5a7a99.wav,Laughter Hi-Hat Flute
1079,1d5ecf23.wav,Laughter Hi-Hat Flute
1080,1d5f2c6b.wav,Laughter Hi-Hat Flute
1081,1d60166d.wav,Laughter Hi-Hat Flute
1082,1d6703ef.wav,Laughter Hi-Hat Flute
1083,1d6a839a.wav,Laughter Hi-Hat Flute
1084,1d73513c.wav,Laughter Hi-Hat Flute
1085,1d813ffe.wav,Laughter Hi-Hat Flute
1086,1d834d42.wav,Laughter Hi-Hat Flute
1087,1d8fe11d.wav,Laughter Hi-Hat Flute
1088,1d9090fc.wav,Laughter Hi-Hat Flute
1089,1d987419.wav,Laughter Hi-Hat Flute
1090,1d998952.wav,Laughter Hi-Hat Flute
1091,1da6fc0c.wav,Laughter Hi-Hat Flute
1092,1db18a10.wav,Laughter Hi-Hat Flute
1093,1db39661.wav,Laughter Hi-Hat Flute
1094,1db6e253.wav,Laughter Hi-Hat Flute
1095,1dba45ae.wav,Laughter Hi-Hat Flute
1096,1dc28976.wav,Laughter Hi-Hat Flute
1097,1dc31ae5.wav,Laughter Hi-Hat Flute
1098,1dccf3a3.wav,Laughter Hi-Hat Flute
1099,1dd17652.wav,Laughter Hi-Hat Flute
1100,1dd1d2d1.wav,Laughter Hi-Hat Flute
1101,1dd84241.wav,Laughter Hi-Hat Flute
1102,1ddb2687.wav,Laughter Hi-Hat Flute
1103,1de811ce.wav,Laughter Hi-Hat Flute
1104,1dec0b63.wav,Laughter Hi-Hat Flute
1105,1ded57a4.wav,Laughter Hi-Hat Flute
1106,1df6fd40.wav,Laughter Hi-Hat Flute
1107,1df8268c.wav,Laughter Hi-Hat Flute
1108,1e0d2403.wav,Laughter Hi-Hat Flute
1109,1e16cb1d.wav,Laughter Hi-Hat Flute
1110,1e1b4d46.wav,Laughter Hi-Hat Flute
1111,1e30691f.wav,Laughter Hi-Hat Flute
1112,1e337eda.wav,Laughter Hi-Hat Flute
1113,1e341076.wav,Laughter Hi-Hat Flute
1114,1e3ca391.wav,Laughter Hi-Hat Flute
1115,1e429935.wav,Laughter Hi-Hat Flute
1116,1e446435.wav,Laughter Hi-Hat Flute
1117,1e585e85.wav,Laughter Hi-Hat Flute
1118,1e5863c9.wav,Laughter Hi-Hat Flute
1119,1e5a89bf.wav,Laughter Hi-Hat Flute
1120,1e698a4a.wav,Laughter Hi-Hat Flute
1121,1e6d6b12.wav,Laughter Hi-Hat Flute
1122,1e6dbc30.wav,Laughter Hi-Hat Flute
1123,1e70367a.wav,Laughter Hi-Hat Flute
1124,1e74131c.wav,Laughter Hi-Hat Flute
1125,1e8b3890.wav,Laughter Hi-Hat Flute
1126,1e8c9ea6.wav,Laughter Hi-Hat Flute
1127,1e8ff880.wav,Laughter Hi-Hat Flute
1128,1e92e05a.wav,Laughter Hi-Hat Flute
1129,1ea4b244.wav,Laughter Hi-Hat Flute
1130,1ea599c6.wav,Laughter Hi-Hat Flute
1131,1ec2eab8.wav,Laughter Hi-Hat Flute
1132,1ec6c9c2.wav,Laughter Hi-Hat Flute
1133,1ed7d644.wav,Laughter Hi-Hat Flute
1134,1eddc154.wav,Laughter Hi-Hat Flute
1135,1ee01322.wav,Laughter Hi-Hat Flute
1136,1ee40c0c.wav,Laughter Hi-Hat Flute
1137,1ee7ef83.wav,Laughter Hi-Hat Flute
1138,1eeb38a7.wav,Laughter Hi-Hat Flute
1139,1ef40308.wav,Laughter Hi-Hat Flute
1140,1efc693b.wav,Laughter Hi-Hat Flute
1141,1f0c013f.wav,Laughter Hi-Hat Flute
1142,1f153ce8.wav,Laughter Hi-Hat Flute
1143,1f1fd692.wav,Laughter Hi-Hat Flute
1144,1f242424.wav,Laughter Hi-Hat Flute
1145,1f312f80.wav,Laughter Hi-Hat Flute
1146,1f368932.wav,Laughter Hi-Hat Flute
1147,1f3856c2.wav,Laughter Hi-Hat Flute
1148,1f389629.wav,Laughter Hi-Hat Flute
1149,1f3a50a0.wav,Laughter Hi-Hat Flute
1150,1f41ab46.wav,Laughter Hi-Hat Flute
1151,1f4220ff.wav,Laughter Hi-Hat Flute
1152,1f45804c.wav,Laughter Hi-Hat Flute
1153,1f4b5cad.wav,Laughter Hi-Hat Flute
1154,1f4e18a5.wav,Laughter Hi-Hat Flute
1155,1f56ab7c.wav,Laughter Hi-Hat Flute
1156,1f595d94.wav,Laughter Hi-Hat Flute
1157,1f5e8747.wav,Laughter Hi-Hat Flute
1158,1f5ffe93.wav,Laughter Hi-Hat Flute
1159,1f6a1b37.wav,Laughter Hi-Hat Flute
1160,1f811a0e.wav,Laughter Hi-Hat Flute
1161,1f8bd432.wav,Laughter Hi-Hat Flute
1162,1f8c49d9.wav,Laughter Hi-Hat Flute
1163,1f8ce32b.wav,Laughter Hi-Hat Flute
1164,1f90c35b.wav,Laughter Hi-Hat Flute
1165,1f90f2d0.wav,Laughter Hi-Hat Flute
1166,1f927a31.wav,Laughter Hi-Hat Flute
1167,1f92a818.wav,Laughter Hi-Hat Flute
1168,1f930b2c.wav,Laughter Hi-Hat Flute
1169,1f98ef16.wav,Laughter Hi-Hat Flute
1170,1fb6239e.wav,Laughter Hi-Hat Flute
1171,1fb9cfa5.wav,Laughter Hi-Hat Flute
1172,1fbce1a0.wav,Laughter Hi-Hat Flute
1173,1fc58e0f.wav,Laughter Hi-Hat Flute
1174,1fca15e6.wav,Laughter Hi-Hat Flute
1175,1fd0397d.wav,Laughter Hi-Hat Flute
1176,1fd536ea.wav,Laughter Hi-Hat Flute
1177,1fd6440c.wav,Laughter Hi-Hat Flute
1178,1fd6787f.wav,Laughter Hi-Hat Flute
1179,1fe092a5.wav,Laughter Hi-Hat Flute
1180,1fe5e63d.wav,Laughter Hi-Hat Flute
1181,1fea13cc.wav,Laughter Hi-Hat Flute
1182,1fef8a97.wav,Laughter Hi-Hat Flute
1183,1ff0ec08.wav,Laughter Hi-Hat Flute
1184,1ffdc20f.wav,Laughter Hi-Hat Flute
1185,200e6d52.wav,Laughter Hi-Hat Flute
1186,201971e7.wav,Laughter Hi-Hat Flute
1187,201b29ef.wav,Laughter Hi-Hat Flute
1188,201c4361.wav,Laughter Hi-Hat Flute
1189,2026cd76.wav,Laughter Hi-Hat Flute
1190,202caa66.wav,Laughter Hi-Hat Flute
1191,202d5a05.wav,Laughter Hi-Hat Flute
1192,202ed586.wav,Laughter Hi-Hat Flute
1193,20379099.wav,Laughter Hi-Hat Flute
1194,203f3d63.wav,Laughter Hi-Hat Flute
1195,204fea82.wav,Laughter Hi-Hat Flute
1196,2058f848.wav,Laughter Hi-Hat Flute
1197,20607b2f.wav,Laughter Hi-Hat Flute
1198,2060f941.wav,Laughter Hi-Hat Flute
1199,2064a566.wav,Laughter Hi-Hat Flute
1200,206595a3.wav,Laughter Hi-Hat Flute
1201,207b5701.wav,Laughter Hi-Hat Flute
1202,2082b994.wav,Laughter Hi-Hat Flute
1203,208e1f80.wav,Laughter Hi-Hat Flute
1204,20921ce7.wav,Laughter Hi-Hat Flute
1205,20952acc.wav,Laughter Hi-Hat Flute
1206,20961a62.wav,Laughter Hi-Hat Flute
1207,20a1e647.wav,Laughter Hi-Hat Flute
1208,20a9b42d.wav,Laughter Hi-Hat Flute
1209,20ae3b24.wav,Laughter Hi-Hat Flute
1210,20b395d8.wav,Laughter Hi-Hat Flute
1211,20b8936f.wav,Laughter Hi-Hat Flute
1212,20c0ed21.wav,Laughter Hi-Hat Flute
1213,20d52059.wav,Laughter Hi-Hat Flute
1214,20e9b791.wav,Laughter Hi-Hat Flute
1215,20ecadb7.wav,Laughter Hi-Hat Flute
1216,20ef27a9.wav,Laughter Hi-Hat Flute
1217,20f8e34e.wav,Laughter Hi-Hat Flute
1218,20fb92eb.wav,Laughter Hi-Hat Flute
1219,20fe4ec1.wav,Laughter Hi-Hat Flute
1220,2103391b.wav,Laughter Hi-Hat Flute
1221,21139df7.wav,Laughter Hi-Hat Flute
1222,212e3c73.wav,Laughter Hi-Hat Flute
1223,2133ad94.wav,Laughter Hi-Hat Flute
1224,2133b212.wav,Laughter Hi-Hat Flute
1225,2134ac77.wav,Laughter Hi-Hat Flute
1226,2136dc16.wav,Laughter Hi-Hat Flute
1227,21384fec.wav,Laughter Hi-Hat Flute
1228,214f67ca.wav,Laughter Hi-Hat Flute
1229,215cbf31.wav,Laughter Hi-Hat Flute
1230,216a20e4.wav,Laughter Hi-Hat Flute
1231,2172c87f.wav,Laughter Hi-Hat Flute
1232,2174fe5c.wav,Laughter Hi-Hat Flute
1233,2177220a.wav,Laughter Hi-Hat Flute
1234,218650eb.wav,Laughter Hi-Hat Flute
1235,2187cb81.wav,Laughter Hi-Hat Flute
1236,21888a67.wav,Laughter Hi-Hat Flute
1237,2196f89c.wav,Laughter Hi-Hat Flute
1238,219f1658.wav,Laughter Hi-Hat Flute
1239,21a4cc39.wav,Laughter Hi-Hat Flute
1240,21ac86e9.wav,Laughter Hi-Hat Flute
1241,21acb432.wav,Laughter Hi-Hat Flute
1242,21b3170c.wav,Laughter Hi-Hat Flute
1243,21b3b0cf.wav,Laughter Hi-Hat Flute
1244,21b4e1f1.wav,Laughter Hi-Hat Flute
1245,21bb3cae.wav,Laughter Hi-Hat Flute
1246,21c1105b.wav,Laughter Hi-Hat Flute
1247,21ca4637.wav,Laughter Hi-Hat Flute
1248,21d14004.wav,Laughter Hi-Hat Flute
1249,21d36543.wav,Laughter Hi-Hat Flute
1250,21dec696.wav,Laughter Hi-Hat Flute
1251,21df14f7.wav,Laughter Hi-Hat Flute
1252,21e3e612.wav,Laughter Hi-Hat Flute
1253,21fae6b1.wav,Laughter Hi-Hat Flute
1254,22025272.wav,Laughter Hi-Hat Flute
1255,220a2e6d.wav,Laughter Hi-Hat Flute
1256,2216fc49.wav,Laughter Hi-Hat Flute
1257,221c27f7.wav,Laughter Hi-Hat Flute
1258,22244948.wav,Laughter Hi-Hat Flute
1259,2235d899.wav,Laughter Hi-Hat Flute
1260,223753b5.wav,Laughter Hi-Hat Flute
1261,223b7df6.wav,Laughter Hi-Hat Flute
1262,223bc959.wav,Laughter Hi-Hat Flute
1263,224ab14d.wav,Laughter Hi-Hat Flute
1264,224de930.wav,Laughter Hi-Hat Flute
1265,225d9633.wav,Laughter Hi-Hat Flute
1266,225e3135.wav,Laughter Hi-Hat Flute
1267,225f0626.wav,Laughter Hi-Hat Flute
1268,2261073e.wav,Laughter Hi-Hat Flute
1269,226ea2c6.wav,Laughter Hi-Hat Flute
1270,227f2c50.wav,Laughter Hi-Hat Flute
1271,228153f2.wav,Laughter Hi-Hat Flute
1272,22824c18.wav,Laughter Hi-Hat Flute
1273,22891802.wav,Laughter Hi-Hat Flute
1274,2293e34d.wav,Laughter Hi-Hat Flute
1275,22abde0a.wav,Laughter Hi-Hat Flute
1276,22b2efa2.wav,Laughter Hi-Hat Flute
1277,22b5a548.wav,Laughter Hi-Hat Flute
1278,22c3952c.wav,Laughter Hi-Hat Flute
1279,22c798ac.wav,Laughter Hi-Hat Flute
1280,22ca2dbb.wav,Laughter Hi-Hat Flute
1281,22e88b33.wav,Laughter Hi-Hat Flute
1282,22f3b36c.wav,Laughter Hi-Hat Flute
1283,22f70afe.wav,Laughter Hi-Hat Flute
1284,23029663.wav,Laughter Hi-Hat Flute
1285,23071dd2.wav,Laughter Hi-Hat Flute
1286,23094c55.wav,Laughter Hi-Hat Flute
1287,230ce5d5.wav,Laughter Hi-Hat Flute
1288,23176e01.wav,Laughter Hi-Hat Flute
1289,231d230c.wav,Laughter Hi-Hat Flute
1290,231e9e57.wav,Laughter Hi-Hat Flute
1291,231f314d.wav,Laughter Hi-Hat Flute
1292,232750a8.wav,Laughter Hi-Hat Flute
1293,232ec97b.wav,Laughter Hi-Hat Flute
1294,23300ded.wav,Laughter Hi-Hat Flute
1295,233996cf.wav,Laughter Hi-Hat Flute
1296,233a83b7.wav,Laughter Hi-Hat Flute
1297,233d0591.wav,Laughter Hi-Hat Flute
1298,233d8cbb.wav,Laughter Hi-Hat Flute
1299,235dbbf0.wav,Laughter Hi-Hat Flute
1300,2369256d.wav,Laughter Hi-Hat Flute
1301,23732830.wav,Laughter Hi-Hat Flute
1302,23824542.wav,Laughter Hi-Hat Flute
1303,23852f22.wav,Laughter Hi-Hat Flute
1304,238d7b37.wav,Laughter Hi-Hat Flute
1305,238d8cad.wav,Laughter Hi-Hat Flute
1306,238deaad.wav,Laughter Hi-Hat Flute
1307,23984d44.wav,Laughter Hi-Hat Flute
1308,239988bc.wav,Laughter Hi-Hat Flute
1309,2399acef.wav,Laughter Hi-Hat Flute
1310,23bae3b1.wav,Laughter Hi-Hat Flute
1311,23bf31da.wav,Laughter Hi-Hat Flute
1312,23ca551e.wav,Laughter Hi-Hat Flute
1313,23cdfc67.wav,Laughter Hi-Hat Flute
1314,23d1d920.wav,Laughter Hi-Hat Flute
1315,23d4cbff.wav,Laughter Hi-Hat Flute
1316,23e94e4f.wav,Laughter Hi-Hat Flute
1317,23ede927.wav,Laughter Hi-Hat Flute
1318,23f2b1f7.wav,Laughter Hi-Hat Flute
1319,23f592dd.wav,Laughter Hi-Hat Flute
1320,23f8b4b0.wav,Laughter Hi-Hat Flute
1321,23fc49d9.wav,Laughter Hi-Hat Flute
1322,240c45cb.wav,Laughter Hi-Hat Flute
1323,240d2bb2.wav,Laughter Hi-Hat Flute
1324,240dfb34.wav,Laughter Hi-Hat Flute
1325,241224d6.wav,Laughter Hi-Hat Flute
1326,242118f2.wav,Laughter Hi-Hat Flute
1327,2421d14b.wav,Laughter Hi-Hat Flute
1328,2423598a.wav,Laughter Hi-Hat Flute
1329,2429265b.wav,Laughter Hi-Hat Flute
1330,242ea92c.wav,Laughter Hi-Hat Flute
1331,2436090e.wav,Laughter Hi-Hat Flute
1332,243ab0b7.wav,Laughter Hi-Hat Flute
1333,2442e7c6.wav,Laughter Hi-Hat Flute
1334,244618d7.wav,Laughter Hi-Hat Flute
1335,244baebc.wav,Laughter Hi-Hat Flute
1336,244dc716.wav,Laughter Hi-Hat Flute
1337,24599c96.wav,Laughter Hi-Hat Flute
1338,24602db6.wav,Laughter Hi-Hat Flute
1339,2472cdfe.wav,Laughter Hi-Hat Flute
1340,247431d8.wav,Laughter Hi-Hat Flute
1341,247a90a0.wav,Laughter Hi-Hat Flute
1342,2487cd7b.wav,Laughter Hi-Hat Flute
1343,248e1ea5.wav,Laughter Hi-Hat Flute
1344,249d9580.wav,Laughter Hi-Hat Flute
1345,24a8c4c4.wav,Laughter Hi-Hat Flute
1346,24adc8ef.wav,Laughter Hi-Hat Flute
1347,24c622f6.wav,Laughter Hi-Hat Flute
1348,24ca6163.wav,Laughter Hi-Hat Flute
1349,24cb1de7.wav,Laughter Hi-Hat Flute
1350,24cb7cdd.wav,Laughter Hi-Hat Flute
1351,24db4a9b.wav,Laughter Hi-Hat Flute
1352,24e7cbad.wav,Laughter Hi-Hat Flute
1353,24f112b3.wav,Laughter Hi-Hat Flute
1354,24f24bc6.wav,Laughter Hi-Hat Flute
1355,24f79ae9.wav,Laughter Hi-Hat Flute
1356,250dad68.wav,Laughter Hi-Hat Flute
1357,251397f9.wav,Laughter Hi-Hat Flute
1358,253158f3.wav,Laughter Hi-Hat Flute
1359,25497688.wav,Laughter Hi-Hat Flute
1360,25510ad1.wav,Laughter Hi-Hat Flute
1361,25580be4.wav,Laughter Hi-Hat Flute
1362,25587ccb.wav,Laughter Hi-Hat Flute
1363,256056a2.wav,Laughter Hi-Hat Flute
1364,2564d3d4.wav,Laughter Hi-Hat Flute
1365,256570a9.wav,Laughter Hi-Hat Flute
1366,25661e6d.wav,Laughter Hi-Hat Flute
1367,25694e28.wav,Laughter Hi-Hat Flute
1368,258f1bfa.wav,Laughter Hi-Hat Flute
1369,259100ab.wav,Laughter Hi-Hat Flute
1370,2594db13.wav,Laughter Hi-Hat Flute
1371,25988d89.wav,Laughter Hi-Hat Flute
1372,259af139.wav,Laughter Hi-Hat Flute
1373,25a91ed6.wav,Laughter Hi-Hat Flute
1374,25b93dfb.wav,Laughter Hi-Hat Flute
1375,25be0153.wav,Laughter Hi-Hat Flute
1376,25d4a81a.wav,Laughter Hi-Hat Flute
1377,25e59f61.wav,Laughter Hi-Hat Flute
1378,25e67de2.wav,Laughter Hi-Hat Flute
1379,25eb383d.wav,Laughter Hi-Hat Flute
1380,25fbafbe.wav,Laughter Hi-Hat Flute
1381,260bb8da.wav,Laughter Hi-Hat Flute
1382,260e583d.wav,Laughter Hi-Hat Flute
1383,261331aa.wav,Laughter Hi-Hat Flute
1384,261a71de.wav,Laughter Hi-Hat Flute
1385,261fdeb9.wav,Laughter Hi-Hat Flute
1386,2634e42c.wav,Laughter Hi-Hat Flute
1387,2638d3c3.wav,Laughter Hi-Hat Flute
1388,265908b6.wav,Laughter Hi-Hat Flute
1389,266f7023.wav,Laughter Hi-Hat Flute
1390,2672f2c0.wav,Laughter Hi-Hat Flute
1391,2676d124.wav,Laughter Hi-Hat Flute
1392,26798084.wav,Laughter Hi-Hat Flute
1393,267bad15.wav,Laughter Hi-Hat Flute
1394,267d784e.wav,Laughter Hi-Hat Flute
1395,26827561.wav,Laughter Hi-Hat Flute
1396,268979ed.wav,Laughter Hi-Hat Flute
1397,268e844b.wav,Laughter Hi-Hat Flute
1398,26930084.wav,Laughter Hi-Hat Flute
1399,26b570f6.wav,Laughter Hi-Hat Flute
1400,26b59974.wav,Laughter Hi-Hat Flute
1401,26bb8f56.wav,Laughter Hi-Hat Flute
1402,26be525f.wav,Laughter Hi-Hat Flute
1403,26d01867.wav,Laughter Hi-Hat Flute
1404,26d0d1ab.wav,Laughter Hi-Hat Flute
1405,26d385dc.wav,Laughter Hi-Hat Flute
1406,26df2e2d.wav,Laughter Hi-Hat Flute
1407,26dfd4b5.wav,Laughter Hi-Hat Flute
1408,26e16e53.wav,Laughter Hi-Hat Flute
1409,26e34006.wav,Laughter Hi-Hat Flute
1410,26ea093e.wav,Laughter Hi-Hat Flute
1411,26f533d4.wav,Laughter Hi-Hat Flute
1412,2705bac2.wav,Laughter Hi-Hat Flute
1413,270da7bc.wav,Laughter Hi-Hat Flute
1414,270db3dc.wav,Laughter Hi-Hat Flute
1415,2710dc94.wav,Laughter Hi-Hat Flute
1416,2715fb9c.wav,Laughter Hi-Hat Flute
1417,27172052.wav,Laughter Hi-Hat Flute
1418,27295d65.wav,Laughter Hi-Hat Flute
1419,272e7b10.wav,Laughter Hi-Hat Flute
1420,27490e84.wav,Laughter Hi-Hat Flute
1421,274a903d.wav,Laughter Hi-Hat Flute
1422,274e9b94.wav,Laughter Hi-Hat Flute
1423,2750c860.wav,Laughter Hi-Hat Flute
1424,2755f7b6.wav,Laughter Hi-Hat Flute
1425,276513ea.wav,Laughter Hi-Hat Flute
1426,2765283f.wav,Laughter Hi-Hat Flute
1427,2769d7b7.wav,Laughter Hi-Hat Flute
1428,276a23a7.wav,Laughter Hi-Hat Flute
1429,276b9cbe.wav,Laughter Hi-Hat Flute
1430,276f8f90.wav,Laughter Hi-Hat Flute
1431,277b5cdb.wav,Laughter Hi-Hat Flute
1432,277c56ef.wav,Laughter Hi-Hat Flute
1433,2784b758.wav,Laughter Hi-Hat Flute
1434,2799c40e.wav,Laughter Hi-Hat Flute
1435,27a43ff5.wav,Laughter Hi-Hat Flute
1436,27a48e10.wav,Laughter Hi-Hat Flute
1437,27a68b55.wav,Laughter Hi-Hat Flute
1438,27be3341.wav,Laughter Hi-Hat Flute
1439,27c6d974.wav,Laughter Hi-Hat Flute
1440,27d0b45b.wav,Laughter Hi-Hat Flute
1441,27d3ad33.wav,Laughter Hi-Hat Flute
1442,27d61cf7.wav,Laughter Hi-Hat Flute
1443,27e31009.wav,Laughter Hi-Hat Flute
1444,27ebc5bc.wav,Laughter Hi-Hat Flute
1445,28027cea.wav,Laughter Hi-Hat Flute
1446,28048da4.wav,Laughter Hi-Hat Flute
1447,2804c60c.wav,Laughter Hi-Hat Flute
1448,280625c0.wav,Laughter Hi-Hat Flute
1449,280a3d2b.wav,Laughter Hi-Hat Flute
1450,280e4268.wav,Laughter Hi-Hat Flute
1451,280e6f34.wav,Laughter Hi-Hat Flute
1452,281060c4.wav,Laughter Hi-Hat Flute
1453,281706c2.wav,Laughter Hi-Hat Flute
1454,281be83f.wav,Laughter Hi-Hat Flute
1455,282133d1.wav,Laughter Hi-Hat Flute
1456,2821a9d4.wav,Laughter Hi-Hat Flute
1457,28242abf.wav,Laughter Hi-Hat Flute
1458,28265fec.wav,Laughter Hi-Hat Flute
1459,28282534.wav,Laughter Hi-Hat Flute
1460,28388232.wav,Laughter Hi-Hat Flute
1461,28471616.wav,Laughter Hi-Hat Flute
1462,2848a64d.wav,Laughter Hi-Hat Flute
1463,2849b57a.wav,Laughter Hi-Hat Flute
1464,2855f7d8.wav,Laughter Hi-Hat Flute
1465,285e09c8.wav,Laughter Hi-Hat Flute
1466,2866cae5.wav,Laughter Hi-Hat Flute
1467,2867fd4f.wav,Laughter Hi-Hat Flute
1468,286df5e5.wav,Laughter Hi-Hat Flute
1469,286f0905.wav,Laughter Hi-Hat Flute
1470,286f4efe.wav,Laughter Hi-Hat Flute
1471,28815c9a.wav,Laughter Hi-Hat Flute
1472,2885d0bc.wav,Laughter Hi-Hat Flute
1473,288abdfc.wav,Laughter Hi-Hat Flute
1474,288b4a00.wav,Laughter Hi-Hat Flute
1475,288c4290.wav,Laughter Hi-Hat Flute
1476,2890602c.wav,Laughter Hi-Hat Flute
1477,289ac958.wav,Laughter Hi-Hat Flute
1478,28a9595d.wav,Laughter Hi-Hat Flute
1479,28b6ff25.wav,Laughter Hi-Hat Flute
1480,28b9c8e2.wav,Laughter Hi-Hat Flute
1481,28bfb700.wav,Laughter Hi-Hat Flute
1482,28c65e4d.wav,Laughter Hi-Hat Flute
1483,28ccb57e.wav,Laughter Hi-Hat Flute
1484,28d2325b.wav,Laughter Hi-Hat Flute
1485,28d992e4.wav,Laughter Hi-Hat Flute
1486,28e10213.wav,Laughter Hi-Hat Flute
1487,28e59c89.wav,Laughter Hi-Hat Flute
1488,29031e07.wav,Laughter Hi-Hat Flute
1489,2911ff39.wav,Laughter Hi-Hat Flute
1490,29156b8d.wav,Laughter Hi-Hat Flute
1491,292001cc.wav,Laughter Hi-Hat Flute
1492,292f53d4.wav,Laughter Hi-Hat Flute
1493,292f9f92.wav,Laughter Hi-Hat Flute
1494,293110a0.wav,Laughter Hi-Hat Flute
1495,293350f5.wav,Laughter Hi-Hat Flute
1496,293680af.wav,Laughter Hi-Hat Flute
1497,2936b44d.wav,Laughter Hi-Hat Flute
1498,2948ed98.wav,Laughter Hi-Hat Flute
1499,29627bb1.wav,Laughter Hi-Hat Flute
1500,296b8746.wav,Laughter Hi-Hat Flute
1501,296e4a14.wav,Laughter Hi-Hat Flute
1502,29730e21.wav,Laughter Hi-Hat Flute
1503,2976b7eb.wav,Laughter Hi-Hat Flute
1504,2977e22d.wav,Laughter Hi-Hat Flute
1505,29851744.wav,Laughter Hi-Hat Flute
1506,29863569.wav,Laughter Hi-Hat Flute
1507,299606e0.wav,Laughter Hi-Hat Flute
1508,299a2a64.wav,Laughter Hi-Hat Flute
1509,29a4a1b8.wav,Laughter Hi-Hat Flute
1510,29a56bfd.wav,Laughter Hi-Hat Flute
1511,29aa96ed.wav,Laughter Hi-Hat Flute
1512,29aaa09e.wav,Laughter Hi-Hat Flute
1513,29b4394a.wav,Laughter Hi-Hat Flute
1514,29c41f5b.wav,Laughter Hi-Hat Flute
1515,29c6d965.wav,Laughter Hi-Hat Flute
1516,29d4e143.wav,Laughter Hi-Hat Flute
1517,29e0c1f9.wav,Laughter Hi-Hat Flute
1518,29e18126.wav,Laughter Hi-Hat Flute
1519,29e3048d.wav,Laughter Hi-Hat Flute
1520,29e7edd8.wav,Laughter Hi-Hat Flute
1521,29eb4695.wav,Laughter Hi-Hat Flute
1522,29f217a8.wav,Laughter Hi-Hat Flute
1523,29f34904.wav,Laughter Hi-Hat Flute
1524,29fd1b32.wav,Laughter Hi-Hat Flute
1525,2a036994.wav,Laughter Hi-Hat Flute
1526,2a09a776.wav,Laughter Hi-Hat Flute
1527,2a1380db.wav,Laughter Hi-Hat Flute
1528,2a2c69dd.wav,Laughter Hi-Hat Flute
1529,2a30d22e.wav,Laughter Hi-Hat Flute
1530,2a3560b3.wav,Laughter Hi-Hat Flute
1531,2a38bb35.wav,Laughter Hi-Hat Flute
1532,2a4a615f.wav,Laughter Hi-Hat Flute
1533,2a51669c.wav,Laughter Hi-Hat Flute
1534,2a53ffd3.wav,Laughter Hi-Hat Flute
1535,2a55aedb.wav,Laughter Hi-Hat Flute
1536,2a5f6682.wav,Laughter Hi-Hat Flute
1537,2a6b7f88.wav,Laughter Hi-Hat Flute
1538,2a7149a2.wav,Laughter Hi-Hat Flute
1539,2a7d138e.wav,Laughter Hi-Hat Flute
1540,2a870f04.wav,Laughter Hi-Hat Flute
1541,2a8da3e8.wav,Laughter Hi-Hat Flute
1542,2a91718b.wav,Laughter Hi-Hat Flute
1543,2a93f776.wav,Laughter Hi-Hat Flute
1544,2aac07cd.wav,Laughter Hi-Hat Flute
1545,2aafb503.wav,Laughter Hi-Hat Flute
1546,2ab61fed.wav,Laughter Hi-Hat Flute
1547,2ac3592d.wav,Laughter Hi-Hat Flute
1548,2ac47eb6.wav,Laughter Hi-Hat Flute
1549,2ac578ac.wav,Laughter Hi-Hat Flute
1550,2ac73118.wav,Laughter Hi-Hat Flute
1551,2ac77c6a.wav,Laughter Hi-Hat Flute
1552,2ac794ca.wav,Laughter Hi-Hat Flute
1553,2ad0199d.wav,Laughter Hi-Hat Flute
1554,2ad16a55.wav,Laughter Hi-Hat Flute
1555,2ad4c3c4.wav,Laughter Hi-Hat Flute
1556,2ad5c7c8.wav,Laughter Hi-Hat Flute
1557,2af7ee6c.wav,Laughter Hi-Hat Flute
1558,2af98814.wav,Laughter Hi-Hat Flute
1559,2b04a6a9.wav,Laughter Hi-Hat Flute
1560,2b0f0ad5.wav,Laughter Hi-Hat Flute
1561,2b1202ab.wav,Laughter Hi-Hat Flute
1562,2b14749b.wav,Laughter Hi-Hat Flute
1563,2b15e07a.wav,Laughter Hi-Hat Flute
1564,2b17033b.wav,Laughter Hi-Hat Flute
1565,2b1dabdf.wav,Laughter Hi-Hat Flute
1566,2b1f7f1c.wav,Laughter Hi-Hat Flute
1567,2b29c860.wav,Laughter Hi-Hat Flute
1568,2b3b7b03.wav,Laughter Hi-Hat Flute
1569,2b4b7943.wav,Laughter Hi-Hat Flute
1570,2b6252cc.wav,Laughter Hi-Hat Flute
1571,2b6c13e3.wav,Laughter Hi-Hat Flute
1572,2b7b39be.wav,Laughter Hi-Hat Flute
1573,2b83debf.wav,Laughter Hi-Hat Flute
1574,2b8e6892.wav,Laughter Hi-Hat Flute
1575,2b8f6e49.wav,Laughter Hi-Hat Flute
1576,2b911d99.wav,Laughter Hi-Hat Flute
1577,2bb1d055.wav,Laughter Hi-Hat Flute
1578,2bb34f54.wav,Laughter Hi-Hat Flute
1579,2bb8ee50.wav,Laughter Hi-Hat Flute
1580,2bbfe44e.wav,Laughter Hi-Hat Flute
1581,2bcb69fd.wav,Laughter Hi-Hat Flute
1582,2bd000e5.wav,Laughter Hi-Hat Flute
1583,2bd1f850.wav,Laughter Hi-Hat Flute
1584,2be1bae5.wav,Laughter Hi-Hat Flute
1585,2be25f5e.wav,Laughter Hi-Hat Flute
1586,2bf36fef.wav,Laughter Hi-Hat Flute
1587,2c01a86f.wav,Laughter Hi-Hat Flute
1588,2c14ed19.wav,Laughter Hi-Hat Flute
1589,2c287b2c.wav,Laughter Hi-Hat Flute
1590,2c403fbe.wav,Laughter Hi-Hat Flute
1591,2c41a64d.wav,Laughter Hi-Hat Flute
1592,2c57ecb0.wav,Laughter Hi-Hat Flute
1593,2c5bad59.wav,Laughter Hi-Hat Flute
1594,2c5e7ee0.wav,Laughter Hi-Hat Flute
1595,2c6ab95a.wav,Laughter Hi-Hat Flute
1596,2c718199.wav,Laughter Hi-Hat Flute
1597,2c780aaa.wav,Laughter Hi-Hat Flute
1598,2c8de08f.wav,Laughter Hi-Hat Flute
1599,2c9139a2.wav,Laughter Hi-Hat Flute
1600,2c96dab1.wav,Laughter Hi-Hat Flute
1601,2ca3f48b.wav,Laughter Hi-Hat Flute
1602,2caa9b82.wav,Laughter Hi-Hat Flute
1603,2cb3663f.wav,Laughter Hi-Hat Flute
1604,2cb6b373.wav,Laughter Hi-Hat Flute
1605,2cbea1f4.wav,Laughter Hi-Hat Flute
1606,2cc136b6.wav,Laughter Hi-Hat Flute
1607,2cc34e65.wav,Laughter Hi-Hat Flute
1608,2cdbb847.wav,Laughter Hi-Hat Flute
1609,2cedb928.wav,Laughter Hi-Hat Flute
1610,2cf80a27.wav,Laughter Hi-Hat Flute
1611,2cf851f3.wav,Laughter Hi-Hat Flute
1612,2cf8a1d7.wav,Laughter Hi-Hat Flute
1613,2d0027fd.wav,Laughter Hi-Hat Flute
1614,2d0c1839.wav,Laughter Hi-Hat Flute
1615,2d0daf66.wav,Laughter Hi-Hat Flute
1616,2d17a609.wav,Laughter Hi-Hat Flute
1617,2d1863d6.wav,Laughter Hi-Hat Flute
1618,2d204120.wav,Laughter Hi-Hat Flute
1619,2d204a5d.wav,Laughter Hi-Hat Flute
1620,2d21041f.wav,Laughter Hi-Hat Flute
1621,2d24682f.wav,Laughter Hi-Hat Flute
1622,2d264806.wav,Laughter Hi-Hat Flute
1623,2d497cbb.wav,Laughter Hi-Hat Flute
1624,2d4e35a0.wav,Laughter Hi-Hat Flute
1625,2d589634.wav,Laughter Hi-Hat Flute
1626,2d5984c7.wav,Laughter Hi-Hat Flute
1627,2d60ba0a.wav,Laughter Hi-Hat Flute
1628,2d62f754.wav,Laughter Hi-Hat Flute
1629,2d6609d7.wav,Laughter Hi-Hat Flute
1630,2d6c1693.wav,Laughter Hi-Hat Flute
1631,2d6de409.wav,Laughter Hi-Hat Flute
1632,2d7134e3.wav,Laughter Hi-Hat Flute
1633,2d720da1.wav,Laughter Hi-Hat Flute
1634,2d72aee6.wav,Laughter Hi-Hat Flute
1635,2d790368.wav,Laughter Hi-Hat Flute
1636,2d7df781.wav,Laughter Hi-Hat Flute
1637,2d860064.wav,Laughter Hi-Hat Flute
1638,2d8a6242.wav,Laughter Hi-Hat Flute
1639,2d8acb10.wav,Laughter Hi-Hat Flute
1640,2d9c3949.wav,Laughter Hi-Hat Flute
1641,2da2e399.wav,Laughter Hi-Hat Flute
1642,2da32b1f.wav,Laughter Hi-Hat Flute
1643,2da4fa14.wav,Laughter Hi-Hat Flute
1644,2da5b590.wav,Laughter Hi-Hat Flute
1645,2da6d104.wav,Laughter Hi-Hat Flute
1646,2daa759d.wav,Laughter Hi-Hat Flute
1647,2daf019d.wav,Laughter Hi-Hat Flute
1648,2db52728.wav,Laughter Hi-Hat Flute
1649,2dc10f4d.wav,Laughter Hi-Hat Flute
1650,2dc19510.wav,Laughter Hi-Hat Flute
1651,2dc50a54.wav,Laughter Hi-Hat Flute
1652,2dcbf46b.wav,Laughter Hi-Hat Flute
1653,2dd756ed.wav,Laughter Hi-Hat Flute
1654,2dd854a7.wav,Laughter Hi-Hat Flute
1655,2de19598.wav,Laughter Hi-Hat Flute
1656,2debe1cc.wav,Laughter Hi-Hat Flute
1657,2df5d098.wav,Laughter Hi-Hat Flute
1658,2df859da.wav,Laughter Hi-Hat Flute
1659,2e091a70.wav,Laughter Hi-Hat Flute
1660,2e0cf9aa.wav,Laughter Hi-Hat Flute
1661,2e128a59.wav,Laughter Hi-Hat Flute
1662,2e196409.wav,Laughter Hi-Hat Flute
1663,2e276aaa.wav,Laughter Hi-Hat Flute
1664,2e2c6032.wav,Laughter Hi-Hat Flute
1665,2e2f2bc4.wav,Laughter Hi-Hat Flute
1666,2e42ccd2.wav,Laughter Hi-Hat Flute
1667,2e47a5c2.wav,Laughter Hi-Hat Flute
1668,2e49fbc0.wav,Laughter Hi-Hat Flute
1669,2e69b622.wav,Laughter Hi-Hat Flute
1670,2e6a18f4.wav,Laughter Hi-Hat Flute
1671,2e70787c.wav,Laughter Hi-Hat Flute
1672,2e7a0263.wav,Laughter Hi-Hat Flute
1673,2e956314.wav,Laughter Hi-Hat Flute
1674,2e973a41.wav,Laughter Hi-Hat Flute
1675,2ead203e.wav,Laughter Hi-Hat Flute
1676,2eaeb6b7.wav,Laughter Hi-Hat Flute
1677,2eaff904.wav,Laughter Hi-Hat Flute
1678,2eb12875.wav,Laughter Hi-Hat Flute
1679,2ebe5821.wav,Laughter Hi-Hat Flute
1680,2ec1d2da.wav,Laughter Hi-Hat Flute
1681,2ec85d18.wav,Laughter Hi-Hat Flute
1682,2ec9bc1d.wav,Laughter Hi-Hat Flute
1683,2ecb1002.wav,Laughter Hi-Hat Flute
1684,2ecca042.wav,Laughter Hi-Hat Flute
1685,2ed17427.wav,Laughter Hi-Hat Flute
1686,2ed69e64.wav,Laughter Hi-Hat Flute
1687,2ed72cd5.wav,Laughter Hi-Hat Flute
1688,2f009392.wav,Laughter Hi-Hat Flute
1689,2f0a8c80.wav,Laughter Hi-Hat Flute
1690,2f0ee302.wav,Laughter Hi-Hat Flute
1691,2f1c2612.wav,Laughter Hi-Hat Flute
1692,2f2eeab3.wav,Laughter Hi-Hat Flute
1693,2f3c179a.wav,Laughter Hi-Hat Flute
1694,2f4b9bdc.wav,Laughter Hi-Hat Flute
1695,2f5c2852.wav,Laughter Hi-Hat Flute
1696,2f74ed29.wav,Laughter Hi-Hat Flute
1697,2f74f4f4.wav,Laughter Hi-Hat Flute
1698,2f784e3d.wav,Laughter Hi-Hat Flute
1699,2f792ac7.wav,Laughter Hi-Hat Flute
1700,2f87e47c.wav,Laughter Hi-Hat Flute
1701,2f92f1de.wav,Laughter Hi-Hat Flute
1702,2f947f7e.wav,Laughter Hi-Hat Flute
1703,2f967685.wav,Laughter Hi-Hat Flute
1704,2f97d6b3.wav,Laughter Hi-Hat Flute
1705,2f9df9d5.wav,Laughter Hi-Hat Flute
1706,2facecd2.wav,Laughter Hi-Hat Flute
1707,2fb78737.wav,Laughter Hi-Hat Flute
1708,2fbb29ed.wav,Laughter Hi-Hat Flute
1709,2fc2ba69.wav,Laughter Hi-Hat Flute
1710,2fd2722a.wav,Laughter Hi-Hat Flute
1711,2fd62d32.wav,Laughter Hi-Hat Flute
1712,2fda731f.wav,Laughter Hi-Hat Flute
1713,2fda8c20.wav,Laughter Hi-Hat Flute
1714,2fdb5f6a.wav,Laughter Hi-Hat Flute
1715,2fea5e19.wav,Laughter Hi-Hat Flute
1716,2fefb864.wav,Laughter Hi-Hat Flute
1717,2fff17ff.wav,Laughter Hi-Hat Flute
1718,30029d43.wav,Laughter Hi-Hat Flute
1719,301a0f8d.wav,Laughter Hi-Hat Flute
1720,30232933.wav,Laughter Hi-Hat Flute
1721,302465d6.wav,Laughter Hi-Hat Flute
1722,3024ad07.wav,Laughter Hi-Hat Flute
1723,302bc9d1.wav,Laughter Hi-Hat Flute
1724,30396d04.wav,Laughter Hi-Hat Flute
1725,303dcdc3.wav,Laughter Hi-Hat Flute
1726,304cb001.wav,Laughter Hi-Hat Flute
1727,304f58c8.wav,Laughter Hi-Hat Flute
1728,3053d06b.wav,Laughter Hi-Hat Flute
1729,305d1932.wav,Laughter Hi-Hat Flute
1730,3062dedb.wav,Laughter Hi-Hat Flute
1731,3073a264.wav,Laughter Hi-Hat Flute
1732,30762ab4.wav,Laughter Hi-Hat Flute
1733,3077dab1.wav,Laughter Hi-Hat Flute
1734,3078b0a4.wav,Laughter Hi-Hat Flute
1735,307d21e8.wav,Laughter Hi-Hat Flute
1736,307e9f70.wav,Laughter Hi-Hat Flute
1737,30874c68.wav,Laughter Hi-Hat Flute
1738,30881d07.wav,Laughter Hi-Hat Flute
1739,308a6424.wav,Laughter Hi-Hat Flute
1740,30a320a3.wav,Laughter Hi-Hat Flute
1741,30a36933.wav,Laughter Hi-Hat Flute
1742,30a8d1e4.wav,Laughter Hi-Hat Flute
1743,30b62182.wav,Laughter Hi-Hat Flute
1744,30ba2b0e.wav,Laughter Hi-Hat Flute
1745,30bb235b.wav,Laughter Hi-Hat Flute
1746,30d9df9d.wav,Laughter Hi-Hat Flute
1747,30dd3419.wav,Laughter Hi-Hat Flute
1748,30e4be95.wav,Laughter Hi-Hat Flute
1749,30e8633d.wav,Laughter Hi-Hat Flute
1750,30eb5385.wav,Laughter Hi-Hat Flute
1751,30ed02dc.wav,Laughter Hi-Hat Flute
1752,30f0d392.wav,Laughter Hi-Hat Flute
1753,30f4864f.wav,Laughter Hi-Hat Flute
1754,3103dfd6.wav,Laughter Hi-Hat Flute
1755,310403b7.wav,Laughter Hi-Hat Flute
1756,311795eb.wav,Laughter Hi-Hat Flute
1757,311e57cc.wav,Laughter Hi-Hat Flute
1758,3125e485.wav,Laughter Hi-Hat Flute
1759,3125f4e2.wav,Laughter Hi-Hat Flute
1760,3127fdf6.wav,Laughter Hi-Hat Flute
1761,31318ae6.wav,Laughter Hi-Hat Flute
1762,3132a40c.wav,Laughter Hi-Hat Flute
1763,31370617.wav,Laughter Hi-Hat Flute
1764,313b6bd6.wav,Laughter Hi-Hat Flute
1765,314dd106.wav,Laughter Hi-Hat Flute
1766,315e2cf1.wav,Laughter Hi-Hat Flute
1767,31656306.wav,Laughter Hi-Hat Flute
1768,316b6a8b.wav,Laughter Hi-Hat Flute
1769,316e82b0.wav,Laughter Hi-Hat Flute
1770,318ad3a7.wav,Laughter Hi-Hat Flute
1771,318da9b1.wav,Laughter Hi-Hat Flute
1772,3192a42d.wav,Laughter Hi-Hat Flute
1773,3194baa5.wav,Laughter Hi-Hat Flute
1774,3195b119.wav,Laughter Hi-Hat Flute
1775,31985344.wav,Laughter Hi-Hat Flute
1776,319d5f33.wav,Laughter Hi-Hat Flute
1777,31a5b56b.wav,Laughter Hi-Hat Flute
1778,31b1b1af.wav,Laughter Hi-Hat Flute
1779,31bf625c.wav,Laughter Hi-Hat Flute
1780,31c02993.wav,Laughter Hi-Hat Flute
1781,31c1e915.wav,Laughter Hi-Hat Flute
1782,31c321b9.wav,Laughter Hi-Hat Flute
1783,31c42d71.wav,Laughter Hi-Hat Flute
1784,31daad59.wav,Laughter Hi-Hat Flute
1785,31ede8e7.wav,Laughter Hi-Hat Flute
1786,31f27c86.wav,Laughter Hi-Hat Flute
1787,31fa9662.wav,Laughter Hi-Hat Flute
1788,3202971f.wav,Laughter Hi-Hat Flute
1789,32081921.wav,Laughter Hi-Hat Flute
1790,320e8976.wav,Laughter Hi-Hat Flute
1791,320ed8bd.wav,Laughter Hi-Hat Flute
1792,321118ec.wav,Laughter Hi-Hat Flute
1793,321a9ead.wav,Laughter Hi-Hat Flute
1794,321d9f06.wav,Laughter Hi-Hat Flute
1795,3222fa28.wav,Laughter Hi-Hat Flute
1796,322b48ee.wav,Laughter Hi-Hat Flute
1797,322f6dfb.wav,Laughter Hi-Hat Flute
1798,3236f8f9.wav,Laughter Hi-Hat Flute
1799,32393924.wav,Laughter Hi-Hat Flute
1800,3242d7a5.wav,Laughter Hi-Hat Flute
1801,324a4e40.wav,Laughter Hi-Hat Flute
1802,324f30f2.wav,Laughter Hi-Hat Flute
1803,325525ac.wav,Laughter Hi-Hat Flute
1804,32560d9c.wav,Laughter Hi-Hat Flute
1805,3263223e.wav,Laughter Hi-Hat Flute
1806,326c56ff.wav,Laughter Hi-Hat Flute
1807,326d98e9.wav,Laughter Hi-Hat Flute
1808,327bdcaa.wav,Laughter Hi-Hat Flute
1809,327e7750.wav,Laughter Hi-Hat Flute
1810,328612aa.wav,Laughter Hi-Hat Flute
1811,32938f53.wav,Laughter Hi-Hat Flute
1812,329709f0.wav,Laughter Hi-Hat Flute
1813,32a5773b.wav,Laughter Hi-Hat Flute
1814,32af1d97.wav,Laughter Hi-Hat Flute
1815,32b64892.wav,Laughter Hi-Hat Flute
1816,32bdd578.wav,Laughter Hi-Hat Flute
1817,32bf60d9.wav,Laughter Hi-Hat Flute
1818,32c5a99e.wav,Laughter Hi-Hat Flute
1819,32c63f3f.wav,Laughter Hi-Hat Flute
1820,32cc31fd.wav,Laughter Hi-Hat Flute
1821,32d54dbf.wav,Laughter Hi-Hat Flute
1822,32d68d35.wav,Laughter Hi-Hat Flute
1823,32e20304.wav,Laughter Hi-Hat Flute
1824,32e375c3.wav,Laughter Hi-Hat Flute
1825,32e67c5c.wav,Laughter Hi-Hat Flute
1826,32ec5aeb.wav,Laughter Hi-Hat Flute
1827,32f6364d.wav,Laughter Hi-Hat Flute
1828,32f665c4.wav,Laughter Hi-Hat Flute
1829,32fe0550.wav,Laughter Hi-Hat Flute
1830,32ff9d27.wav,Laughter Hi-Hat Flute
1831,330bcb8f.wav,Laughter Hi-Hat Flute
1832,330ef55e.wav,Laughter Hi-Hat Flute
1833,331332e4.wav,Laughter Hi-Hat Flute
1834,331b550c.wav,Laughter Hi-Hat Flute
1835,332db920.wav,Laughter Hi-Hat Flute
1836,332dec50.wav,Laughter Hi-Hat Flute
1837,3336c8bb.wav,Laughter Hi-Hat Flute
1838,33404279.wav,Laughter Hi-Hat Flute
1839,334bcacd.wav,Laughter Hi-Hat Flute
1840,334c2df4.wav,Laughter Hi-Hat Flute
1841,334f6481.wav,Laughter Hi-Hat Flute
1842,3354ba9c.wav,Laughter Hi-Hat Flute
1843,33596f0a.wav,Laughter Hi-Hat Flute
1844,335d009e.wav,Laughter Hi-Hat Flute
1845,336de5ff.wav,Laughter Hi-Hat Flute
1846,3374eb78.wav,Laughter Hi-Hat Flute
1847,337bb0d7.wav,Laughter Hi-Hat Flute
1848,3385a800.wav,Laughter Hi-Hat Flute
1849,3389dab8.wav,Laughter Hi-Hat Flute
1850,338a1eec.wav,Laughter Hi-Hat Flute
1851,338c1e9c.wav,Laughter Hi-Hat Flute
1852,338ed597.wav,Laughter Hi-Hat Flute
1853,3391a84f.wav,Laughter Hi-Hat Flute
1854,33939435.wav,Laughter Hi-Hat Flute
1855,339c6a9e.wav,Laughter Hi-Hat Flute
1856,339cbd32.wav,Laughter Hi-Hat Flute
1857,33a0c53d.wav,Laughter Hi-Hat Flute
1858,33a0fa9d.wav,Laughter Hi-Hat Flute
1859,33a11a7b.wav,Laughter Hi-Hat Flute
1860,33b98766.wav,Laughter Hi-Hat Flute
1861,33bd5275.wav,Laughter Hi-Hat Flute
1862,33bf100e.wav,Laughter Hi-Hat Flute
1863,33bf8bce.wav,Laughter Hi-Hat Flute
1864,33ce149f.wav,Laughter Hi-Hat Flute
1865,33db956c.wav,Laughter Hi-Hat Flute
1866,33e12365.wav,Laughter Hi-Hat Flute
1867,33e901fb.wav,Laughter Hi-Hat Flute
1868,33ea32c3.wav,Laughter Hi-Hat Flute
1869,33ed1199.wav,Laughter Hi-Hat Flute
1870,340aad61.wav,Laughter Hi-Hat Flute
1871,340afc6a.wav,Laughter Hi-Hat Flute
1872,340bc3cd.wav,Laughter Hi-Hat Flute
1873,341a6905.wav,Laughter Hi-Hat Flute
1874,34204cf9.wav,Laughter Hi-Hat Flute
1875,342a363c.wav,Laughter Hi-Hat Flute
1876,3437507a.wav,Laughter Hi-Hat Flute
1877,343f0d14.wav,Laughter Hi-Hat Flute
1878,34404331.wav,Laughter Hi-Hat Flute
1879,34409de5.wav,Laughter Hi-Hat Flute
1880,344b32d4.wav,Laughter Hi-Hat Flute
1881,3453b51c.wav,Laughter Hi-Hat Flute
1882,345441d2.wav,Laughter Hi-Hat Flute
1883,34618b30.wav,Laughter Hi-Hat Flute
1884,3463b47a.wav,Laughter Hi-Hat Flute
1885,3463f897.wav,Laughter Hi-Hat Flute
1886,3466b1c4.wav,Laughter Hi-Hat Flute
1887,3467f48f.wav,Laughter Hi-Hat Flute
1888,346a3906.wav,Laughter Hi-Hat Flute
1889,347bcaa2.wav,Laughter Hi-Hat Flute
1890,347ebfa9.wav,Laughter Hi-Hat Flute
1891,3484a9b9.wav,Laughter Hi-Hat Flute
1892,3497cb5e.wav,Laughter Hi-Hat Flute
1893,349eac2f.wav,Laughter Hi-Hat Flute
1894,34a160da.wav,Laughter Hi-Hat Flute
1895,34a3bc46.wav,Laughter Hi-Hat Flute
1896,34a5404b.wav,Laughter Hi-Hat Flute
1897,34be3cb0.wav,Laughter Hi-Hat Flute
1898,34be5213.wav,Laughter Hi-Hat Flute
1899,34c7a37b.wav,Laughter Hi-Hat Flute
1900,34cddac7.wav,Laughter Hi-Hat Flute
1901,34d1fffa.wav,Laughter Hi-Hat Flute
1902,34d84768.wav,Laughter Hi-Hat Flute
1903,34f6f431.wav,Laughter Hi-Hat Flute
1904,34ff2f37.wav,Laughter Hi-Hat Flute
1905,350b89b8.wav,Laughter Hi-Hat Flute
1906,350ed42d.wav,Laughter Hi-Hat Flute
1907,35115db0.wav,Laughter Hi-Hat Flute
1908,351b0ba1.wav,Laughter Hi-Hat Flute
1909,351dcc25.wav,Laughter Hi-Hat Flute
1910,35235d3f.wav,Laughter Hi-Hat Flute
1911,352c769d.wav,Laughter Hi-Hat Flute
1912,352f143a.wav,Laughter Hi-Hat Flute
1913,3531e0f4.wav,Laughter Hi-Hat Flute
1914,3533dc16.wav,Laughter Hi-Hat Flute
1915,3538f800.wav,Laughter Hi-Hat Flute
1916,353b44b7.wav,Laughter Hi-Hat Flute
1917,353f55db.wav,Laughter Hi-Hat Flute
1918,3542eddc.wav,Laughter Hi-Hat Flute
1919,35497fc4.wav,Laughter Hi-Hat Flute
1920,355eeedf.wav,Laughter Hi-Hat Flute
1921,355f0738.wav,Laughter Hi-Hat Flute
1922,356cab15.wav,Laughter Hi-Hat Flute
1923,3579ff4b.wav,Laughter Hi-Hat Flute
1924,3592e0cb.wav,Laughter Hi-Hat Flute
1925,3597c4e5.wav,Laughter Hi-Hat Flute
1926,3598cc58.wav,Laughter Hi-Hat Flute
1927,359c9ba3.wav,Laughter Hi-Hat Flute
1928,35b91bb1.wav,Laughter Hi-Hat Flute
1929,35bb05b0.wav,Laughter Hi-Hat Flute
1930,35bf4ae5.wav,Laughter Hi-Hat Flute
1931,35c0f6b7.wav,Laughter Hi-Hat Flute
1932,35cb8bd1.wav,Laughter Hi-Hat Flute
1933,35ce58ae.wav,Laughter Hi-Hat Flute
1934,35d008df.wav,Laughter Hi-Hat Flute
1935,35d0858d.wav,Laughter Hi-Hat Flute
1936,35da43f9.wav,Laughter Hi-Hat Flute
1937,35def6dc.wav,Laughter Hi-Hat Flute
1938,35e1140b.wav,Laughter Hi-Hat Flute
1939,35e4b0fd.wav,Laughter Hi-Hat Flute
1940,35f3a48c.wav,Laughter Hi-Hat Flute
1941,35f6a4b8.wav,Laughter Hi-Hat Flute
1942,35ff3f29.wav,Laughter Hi-Hat Flute
1943,35ffae5a.wav,Laughter Hi-Hat Flute
1944,360348af.wav,Laughter Hi-Hat Flute
1945,360e9c8e.wav,Laughter Hi-Hat Flute
1946,360ed752.wav,Laughter Hi-Hat Flute
1947,361285ac.wav,Laughter Hi-Hat Flute
1948,3617db48.wav,Laughter Hi-Hat Flute
1949,361c028f.wav,Laughter Hi-Hat Flute
1950,361fbd17.wav,Laughter Hi-Hat Flute
1951,3620c12b.wav,Laughter Hi-Hat Flute
1952,3623b02e.wav,Laughter Hi-Hat Flute
1953,363a3760.wav,Laughter Hi-Hat Flute
1954,364d2e90.wav,Laughter Hi-Hat Flute
1955,36507474.wav,Laughter Hi-Hat Flute
1956,365a4c89.wav,Laughter Hi-Hat Flute
1957,365f9044.wav,Laughter Hi-Hat Flute
1958,3660d731.wav,Laughter Hi-Hat Flute
1959,3668b282.wav,Laughter Hi-Hat Flute
1960,36690c27.wav,Laughter Hi-Hat Flute
1961,3670cc04.wav,Laughter Hi-Hat Flute
1962,367ba81f.wav,Laughter Hi-Hat Flute
1963,36a0c334.wav,Laughter Hi-Hat Flute
1964,36a2202d.wav,Laughter Hi-Hat Flute
1965,36a92b29.wav,Laughter Hi-Hat Flute
1966,36a98063.wav,Laughter Hi-Hat Flute
1967,36b4867e.wav,Laughter Hi-Hat Flute
1968,36ba1f72.wav,Laughter Hi-Hat Flute
1969,36cd9e16.wav,Laughter Hi-Hat Flute
1970,36d47091.wav,Laughter Hi-Hat Flute
1971,36dbdb68.wav,Laughter Hi-Hat Flute
1972,36e470e4.wav,Laughter Hi-Hat Flute
1973,36e7790c.wav,Laughter Hi-Hat Flute
1974,36e79aec.wav,Laughter Hi-Hat Flute
1975,36eae2b1.wav,Laughter Hi-Hat Flute
1976,36ec121c.wav,Laughter Hi-Hat Flute
1977,36f5daf6.wav,Laughter Hi-Hat Flute
1978,36f6ba1e.wav,Laughter Hi-Hat Flute
1979,36f81d4d.wav,Laughter Hi-Hat Flute
1980,36f9dc1c.wav,Laughter Hi-Hat Flute
1981,370156c4.wav,Laughter Hi-Hat Flute
1982,370cad4d.wav,Laughter Hi-Hat Flute
1983,370f79a2.wav,Laughter Hi-Hat Flute
1984,371be693.wav,Laughter Hi-Hat Flute
1985,371c577e.wav,Laughter Hi-Hat Flute
1986,371f11c2.wav,Laughter Hi-Hat Flute
1987,37398fcb.wav,Laughter Hi-Hat Flute
1988,373b761c.wav,Laughter Hi-Hat Flute
1989,3740d249.wav,Laughter Hi-Hat Flute
1990,374a434b.wav,Laughter Hi-Hat Flute
1991,374c8729.wav,Laughter Hi-Hat Flute
1992,37534d14.wav,Laughter Hi-Hat Flute
1993,375d2777.wav,Laughter Hi-Hat Flute
1994,37686c61.wav,Laughter Hi-Hat Flute
1995,37694c0e.wav,Laughter Hi-Hat Flute
1996,37722c4c.wav,Laughter Hi-Hat Flute
1997,3779929b.wav,Laughter Hi-Hat Flute
1998,3789db8f.wav,Laughter Hi-Hat Flute
1999,3790ad69.wav,Laughter Hi-Hat Flute
2000,37965099.wav,Laughter Hi-Hat Flute
2001,3797416f.wav,Laughter Hi-Hat Flute
2002,37a0ea93.wav,Laughter Hi-Hat Flute
2003,37a65d69.wav,Laughter Hi-Hat Flute
2004,37a9846d.wav,Laughter Hi-Hat Flute
2005,37b1c1c8.wav,Laughter Hi-Hat Flute
2006,37b44be2.wav,Laughter Hi-Hat Flute
2007,37b502ac.wav,Laughter Hi-Hat Flute
2008,37bfaaae.wav,Laughter Hi-Hat Flute
2009,37c1e139.wav,Laughter Hi-Hat Flute
2010,37c64eeb.wav,Laughter Hi-Hat Flute
2011,37cba499.wav,Laughter Hi-Hat Flute
2012,37d02372.wav,Laughter Hi-Hat Flute
2013,37d0e58f.wav,Laughter Hi-Hat Flute
2014,37d461b0.wav,Laughter Hi-Hat Flute
2015,37e862ac.wav,Laughter Hi-Hat Flute
2016,37e94b1c.wav,Laughter Hi-Hat Flute
2017,37f575a1.wav,Laughter Hi-Hat Flute
2018,37fa4379.wav,Laughter Hi-Hat Flute
2019,380586dd.wav,Laughter Hi-Hat Flute
2020,381eeffa.wav,Laughter Hi-Hat Flute
2021,38226849.wav,Laughter Hi-Hat Flute
2022,38284f2a.wav,Laughter Hi-Hat Flute
2023,3831e47e.wav,Laughter Hi-Hat Flute
2024,383206a8.wav,Laughter Hi-Hat Flute
2025,3834a1b6.wav,Laughter Hi-Hat Flute
2026,38381ff2.wav,Laughter Hi-Hat Flute
2027,383b2f3c.wav,Laughter Hi-Hat Flute
2028,383c3a2f.wav,Laughter Hi-Hat Flute
2029,3858d81e.wav,Laughter Hi-Hat Flute
2030,385e5766.wav,Laughter Hi-Hat Flute
2031,3863cc53.wav,Laughter Hi-Hat Flute
2032,3865b766.wav,Laughter Hi-Hat Flute
2033,38781c3c.wav,Laughter Hi-Hat Flute
2034,38799059.wav,Laughter Hi-Hat Flute
2035,387da23f.wav,Laughter Hi-Hat Flute
2036,38804df8.wav,Laughter Hi-Hat Flute
2037,38957ab8.wav,Laughter Hi-Hat Flute
2038,38998cb5.wav,Laughter Hi-Hat Flute
2039,38a02855.wav,Laughter Hi-Hat Flute
2040,38a944f7.wav,Laughter Hi-Hat Flute
2041,38ae005d.wav,Laughter Hi-Hat Flute
2042,38cc6c04.wav,Laughter Hi-Hat Flute
2043,38d92a57.wav,Laughter Hi-Hat Flute
2044,38df02f9.wav,Laughter Hi-Hat Flute
2045,38f2e0c4.wav,Laughter Hi-Hat Flute
2046,38fbf717.wav,Laughter Hi-Hat Flute
2047,3903381b.wav,Laughter Hi-Hat Flute
2048,3912c07c.wav,Laughter Hi-Hat Flute
2049,3919052c.wav,Laughter Hi-Hat Flute
2050,391b4438.wav,Laughter Hi-Hat Flute
2051,391b589b.wav,Laughter Hi-Hat Flute
2052,3927bed7.wav,Laughter Hi-Hat Flute
2053,392819ad.wav,Laughter Hi-Hat Flute
2054,393a85c5.wav,Laughter Hi-Hat Flute
2055,393de6a8.wav,Laughter Hi-Hat Flute
2056,394077b2.wav,Laughter Hi-Hat Flute
2057,39409d9a.wav,Laughter Hi-Hat Flute
2058,394ae699.wav,Laughter Hi-Hat Flute
2059,39559fac.wav,Laughter Hi-Hat Flute
2060,3961531d.wav,Laughter Hi-Hat Flute
2061,3962df6c.wav,Laughter Hi-Hat Flute
2062,39638219.wav,Laughter Hi-Hat Flute
2063,396b8a97.wav,Laughter Hi-Hat Flute
2064,397a9fd4.wav,Laughter Hi-Hat Flute
2065,397c8ecf.wav,Laughter Hi-Hat Flute
2066,397ffa21.wav,Laughter Hi-Hat Flute
2067,398464f2.wav,Laughter Hi-Hat Flute
2068,3989a3f8.wav,Laughter Hi-Hat Flute
2069,3992aa83.wav,Laughter Hi-Hat Flute
2070,39a20375.wav,Laughter Hi-Hat Flute
2071,39a5e337.wav,Laughter Hi-Hat Flute
2072,39a745ef.wav,Laughter Hi-Hat Flute
2073,39b23710.wav,Laughter Hi-Hat Flute
2074,39b33737.wav,Laughter Hi-Hat Flute
2075,39b4dc60.wav,Laughter Hi-Hat Flute
2076,39baed1a.wav,Laughter Hi-Hat Flute
2077,39c4f4e1.wav,Laughter Hi-Hat Flute
2078,39d7d691.wav,Laughter Hi-Hat Flute
2079,39dac8ec.wav,Laughter Hi-Hat Flute
2080,39e17212.wav,Laughter Hi-Hat Flute
2081,39eae3ed.wav,Laughter Hi-Hat Flute
